{"Partial charge": [-0.0251, -0.0574, 0.0097, -0.0808, 0.0487, 0.0479, 0.057], "Atom SASA": [33.0708, 15.8904, 26.5206, 57.9394, 20.26, 22.9599, 22.4399], "Buried volume": [NaN, NaN, NaN, NaN, NaN, NaN, NaN], "H bond H2O": [0.0, 0.0, -0.02, -0.16, -0.14, -0.2, -0.22], "Fukui+": [0.117, 0.096, 0.083, 0.279, 0.138, 0.148, 0.138], "Fukui-": [0.046, 0.061, 0.064, 0.335, 0.156, 0.171, 0.167], "Electrophil.": [0.0399, 0.0352, 0.0321, 0.1219, 0.0591, 0.0641, 0.0602], "Normaliz. electrophil.": [0.1156, 0.0948, 0.082, 0.2756, 0.1363, 0.1462, 0.1363], "Normaliz. nucleophil.": [-0.4872, -0.6461, -0.6779, -3.5482, -1.6523, -1.8111, -1.7688], "Fukui_rad": [0.082, 0.078, 0.074, 0.307, 0.147, 0.16, 0.152], "Fukui dual": [0.071, 0.035, 0.019, -0.056, -0.018, -0.023, -0.029], "Dipole moment": [0.08, 0.0998, 0.4908, 0.1669, 0.2354, 0.2347, 0.2771], "Coord. numbers": [2.849, 2.886, 1.907, 0.911, 0.926, 0.926, 0.925], "Atom Polarizability": [8.898, 8.743, 8.575, 7.363, 2.313, 2.338, 2.283], "Atom FOD": [0.0137, 0.0089, 0.0049, 0.0195, 0.0003, 0.0004, 0.0005], "Atom dispersion": [15.8978, 17.8788, 17.7006, 12.2391, 11.838, 10.9047, 11.9647], "Pyramidalization": [NaN, NaN, NaN, NaN, NaN, NaN, NaN], "Pyramidaliz. volume": [NaN, NaN, NaN, NaN, NaN, NaN, NaN], "HOMO-LUMO gap": 10.7652, "HOMO": -10.1629, "LUMO": 0.6023, "IP": 10.5915, "EA": -1.0148, "Dipole module": 3.8703, "SASA": 199.081, "G solv. in H2O": -6.66, "G of H-bonds H2O": -0.73, "Fermi-level": -9.6592, "Polarizability": 40.5134, "Total FOD": 0.0482, "Hardness": 11.6063, "Softness": 0.0862, "Dispersion area": 103.053, "Dispersion volume": 80.0908, "Chem. potential": -4.7884, "Electrophilicity": 0.9878, "Electrofugality": 11.5793, "Nucleofugality": 2.0026, "S0-T1 gap": 98.92, "MaxAbsEStateIndex": 7.769814814814815, "MaxEStateIndex": 7.769814814814815, "MinAbsEStateIndex": 0.5972222222222217, "MinEStateIndex": -0.7337962962962961, "qed": 0.372551159280963, "SPS": 13.25, "MolWt": 53.06400000000001, "HeavyAtomMolWt": 50.04, "ExactMolWt": 53.026549096, "NumValenceElectrons": 20, "NumRadicalElectrons": 0, "MaxPartialCharge": 0.09053137537380465, "MinPartialCharge": -0.19312126078672762, "MaxAbsPartialCharge": 0.19312126078672762, "MinAbsPartialCharge": 0.09053137537380465, "FpDensityMorgan1": 2.75, "FpDensityMorgan2": 3.5, "FpDensityMorgan3": 3.5, "BCUT2D_MWHI": 14.205243814617052, "BCUT2D_MWLOW": 10.751211269084934, "BCUT2D_CHGHI": 1.3354891983017656, "BCUT2D_CHGLO": -1.3086483787703336, "BCUT2D_LOGPHI": 1.4103663702780456, "BCUT2D_LOGPLOW": -1.2345856658815344, "BCUT2D_MRHI": 4.931486983847907, "BCUT2D_MRLOW": 1.5370234754421581, "AvgIpc": 1.6457113704075785, "BalabanJ": 4.0728050292197775, "BertzCT": 117.46396159818462, "Chi0": 5.8618073195657985, "Chi0n": 4.947213595499958, "Chi0v": 1.9472135954999579, "Chi1": 3.1807392125526213, "Chi1n": 2.223606797749979, "Chi1v": 0.7236067977499789, "Chi2n": 0.23680339887498947, "Chi2v": 0.23680339887498947, "Chi3n": 0.05590169943749474, "Chi3v": 0.05590169943749474, "Chi4n": 0.0, "Chi4v": 0.0, "HallKierAlpha": -0.77, "Ipc": 27.977093296928835, "Kappa1": 0.5872308603475315, "Kappa2": 2.23, "Kappa3": 1.23, "LabuteASA": 29.387023406410663, "PEOE_VSA1": 0.0, "PEOE_VSA10": 0.0, "PEOE_VSA11": 0.0, "PEOE_VSA12": 0.0, "PEOE_VSA13": 0.0, "PEOE_VSA14": 0.0, "PEOE_VSA2": 0.0, "PEOE_VSA3": 0.0, "PEOE_VSA4": 5.261891554738487, "PEOE_VSA5": 0.0, "PEOE_VSA6": 6.531038962001867, "PEOE_VSA7": 0.0, "PEOE_VSA8": 6.052071746035566, "PEOE_VSA9": 10.181496981302933, "SMR_VSA1": 4.1122756685106605, "SMR_VSA10": 0.0, "SMR_VSA2": 5.261891554738487, "SMR_VSA3": 0.0, "SMR_VSA4": 0.0, "SMR_VSA5": 0.0, "SMR_VSA6": 0.0, "SMR_VSA7": 12.583110708037434, "SMR_VSA8": 0.0, "SMR_VSA9": 6.069221312792274, "SlogP_VSA1": 0.0, "SlogP_VSA10": 0.0, "SlogP_VSA11": 0.0, "SlogP_VSA12": 0.0, "SlogP_VSA2": 0.0, "SlogP_VSA3": 0.0, "SlogP_VSA4": 11.33111286753076, "SlogP_VSA5": 4.1122756685106605, "SlogP_VSA6": 12.583110708037434, "SlogP_VSA7": 0.0, "SlogP_VSA8": 0.0, "SlogP_VSA9": 0.0, "TPSA": 23.79, "EState_VSA1": 12.583110708037434, "EState_VSA10": 0.0, "EState_VSA11": 0.0, "EState_VSA2": 0.0, "EState_VSA3": 0.0, "EState_VSA4": 0.0, "EState_VSA5": 6.069221312792274, "EState_VSA6": 0.0, "EState_VSA7": 0.0, "EState_VSA8": 0.0, "EState_VSA9": 9.374167223249147, "VSA_EState1": 19.058888888888887, "VSA_EState10": 0.0, "VSA_EState2": 0.0, "VSA_EState3": 7.769814814814815, "VSA_EState4": 0.0, "VSA_EState5": 0.0, "VSA_EState6": 0.7384259259259265, "VSA_EState7": 0.0, "VSA_EState8": -0.7337962962962961, "VSA_EState9": 0.0, "FractionCSP3": 0.0, "HeavyAtomCount": 4, "NHOHCount": 0, "NOCount": 1, "NumAliphaticCarbocycles": 0, "NumAliphaticHeterocycles": 0, "NumAliphaticRings": 0, "NumAmideBonds": 0, "NumAromaticCarbocycles": 0, "NumAromaticHeterocycles": 0, "NumAromaticRings": 0, "NumAtomStereoCenters": 0, "NumBridgeheadAtoms": 0, "NumHAcceptors": 1, "NumHDonors": 0, "NumHeteroatoms": 1, "NumHeterocycles": 0, "NumRotatableBonds": 0, "NumSaturatedCarbocycles": 0, "NumSaturatedHeterocycles": 0, "NumSaturatedRings": 0, "NumSpiroAtoms": 0, "NumUnspecifiedAtomStereoCenters": 0, "Phi": 0.3273812046437488, "RingCount": 0, "MolLogP": 0.6959799999999999, "MolMR": 15.81, "fr_Al_COO": 0, "fr_Al_OH": 0, "fr_Al_OH_noTert": 0, "fr_ArN": 0, "fr_Ar_COO": 0, "fr_Ar_N": 0, "fr_Ar_NH": 0, "fr_Ar_OH": 0, "fr_COO": 0, "fr_COO2": 0, "fr_C_O": 0, "fr_C_O_noCOO": 0, "fr_C_S": 0, "fr_HOCCN": 0, "fr_Imine": 0, "fr_NH0": 1, "fr_NH1": 0, "fr_NH2": 0, "fr_N_O": 0, "fr_Ndealkylation1": 0, "fr_Ndealkylation2": 0, "fr_Nhpyrrole": 0, "fr_SH": 0, "fr_aldehyde": 0, "fr_alkyl_carbamate": 0, "fr_alkyl_halide": 0, "fr_allylic_oxid": 1, "fr_amide": 0, "fr_amidine": 0, "fr_aniline": 0, "fr_aryl_methyl": 0, "fr_azide": 0, "fr_azo": 0, "fr_barbitur": 0, "fr_benzene": 0, "fr_benzodiazepine": 0, "fr_bicyclic": 0, "fr_diazo": 0, "fr_dihydropyridine": 0, "fr_epoxide": 0, "fr_ester": 0, "fr_ether": 0, "fr_furan": 0, "fr_guanido": 0, "fr_halogen": 0, "fr_hdrzine": 0, "fr_hdrzone": 0, "fr_imidazole": 0, "fr_imide": 0, "fr_isocyan": 0, "fr_isothiocyan": 0, "fr_ketone": 0, "fr_ketone_Topliss": 0, "fr_lactam": 0, "fr_lactone": 0, "fr_methoxy": 0, "fr_morpholine": 0, "fr_nitrile": 1, "fr_nitro": 0, "fr_nitro_arom": 0, "fr_nitro_arom_nonortho": 0, "fr_nitroso": 0, "fr_oxazole": 0, "fr_oxime": 0, "fr_para_hydroxylation": 0, "fr_phenol": 0, "fr_phenol_noOrthoHbond": 0, "fr_phos_acid": 0, "fr_phos_ester": 0, "fr_piperdine": 0, "fr_piperzine": 0, "fr_priamide": 0, "fr_prisulfonamd": 0, "fr_pyridine": 0, "fr_quatN": 0, "fr_sulfide": 0, "fr_sulfonamd": 0, "fr_sulfone": 0, "fr_term_acetylene": 0, "fr_tetrazole": 0, "fr_thiazole": 0, "fr_thiocyan": 0, "fr_thiophene": 0, "fr_unbrch_alkane": 0, "fr_urea": 0}