{"Partial charge": [0.1216, -0.2995, 0.1217, 0.0281, 0.0281], "Atom SASA": [73.5399, 8.6802, 73.6799, 20.78, 20.78], "Buried volume": [NaN, NaN, NaN, NaN, NaN], "H bond H2O": [0.0, 0.0, 0.0, -0.46, -0.46], "Fukui+": [0.332, 0.019, 0.332, 0.158, 0.158], "Fukui-": [0.385, -0.066, 0.385, 0.148, 0.148], "Electrophil.": [0.1128, -0.003, 0.1128, 0.0498, 0.0498], "Normaliz. electrophil.": [0.2098, 0.012, 0.2098, 0.0998, 0.0998], "Normaliz. nucleophil.": [-3.8572, 0.6612, -3.8572, -1.4828, -1.4828], "Fukui_rad": [0.359, -0.023, 0.359, 0.153, 0.153], "Fukui dual": [-0.053, 0.085, -0.053, 0.01, 0.01], "Dipole moment": [0.2929, 0.4519, 0.2929, 0.2079, 0.2079], "Coord. numbers": [1.013, 3.626, 1.013, 0.925, 0.925], "Atom Polarizability": [15.582, 6.352, 15.582, 2.092, 2.092], "Atom FOD": [0.002, 0.001, 0.002, 0.0001, 0.0001], "Atom dispersion": [14.6058, 19.852, 14.5848, 13.0043, 13.0027], "Pyramidalization": [NaN, NaN, NaN, NaN, NaN], "Pyramidaliz. volume": [NaN, NaN, NaN, NaN, NaN], "HOMO-LUMO gap": 12.4877, "HOMO": -11.3735, "LUMO": 1.1141, "IP": 10.0188, "EA": -2.1696, "Dipole module": 1.3916, "SASA": 197.4599, "G solv. in H2O": -3.45, "G of H-bonds H2O": -0.93, "Fermi-level": -8.6356, "Polarizability": 41.6999, "Total FOD": 0.0051, "Hardness": 12.1884, "Softness": 0.082, "Dispersion area": 104.5377, "Dispersion volume": 85.2557, "Chem. potential": -3.9246, "Electrophilicity": 0.6319, "Electrofugality": 10.6507, "Nucleofugality": 2.8015, "S0-T1 gap": 142.02, "MaxAbsEStateIndex": 6.135030864197531, "MaxEStateIndex": 6.135030864197531, "MinAbsEStateIndex": 2.0555555555555554, "MinEStateIndex": -2.0555555555555554, "qed": 0.3899621067041534, "SPS": 20.666666666666668, "MolWt": 84.93299999999999, "HeavyAtomMolWt": 82.917, "ExactMolWt": 83.953355424, "NumValenceElectrons": 20, "NumRadicalElectrons": 0, "MaxPartialCharge": 0.09670639037649198, "MinPartialCharge": -0.10913232990050524, "MaxAbsPartialCharge": 0.10913232990050524, "MinAbsPartialCharge": 0.09670639037649198, "FpDensityMorgan1": 2.0, "FpDensityMorgan2": 2.0, "FpDensityMorgan3": 2.0, "BCUT2D_MWHI": 35.5390050819453, "BCUT2D_MWLOW": 11.925994918054704, "BCUT2D_CHGHI": 1.4122044204025899, "BCUT2D_CHGLO": -1.4236303599266025, "BCUT2D_LOGPHI": 1.7266753099347358, "BCUT2D_LOGPLOW": -1.239675309934736, "BCUT2D_MRHI": 6.402082914730799, "BCUT2D_MRLOW": 2.204917085269206, "AvgIpc": 0.7219280948873623, "BalabanJ": 3.0237157840738176, "BertzCT": 15.509775004326936, "Chi0": 4.5, "Chi0n": 3.2559289460184546, "Chi0v": 2.7677868380553634, "Chi1": 2.0, "Chi1n": 1.3779644730092273, "Chi1v": 1.1338934190276817, "Chi2n": 0.07142857142857141, "Chi2v": 0.6428571428571429, "Chi3n": 0.0, "Chi3v": 0.0, "Chi4n": 0.0, "Chi4v": 0.0, "HallKierAlpha": 0.58, "Ipc": 3.6096404744368114, "Kappa1": 1.1360344005644438, "Kappa2": 2.58, "Kappa3": 2.580000000000001, "LabuteASA": 32.155724481928516, "PEOE_VSA1": 0.0, "PEOE_VSA10": 0.0, "PEOE_VSA11": 0.0, "PEOE_VSA12": 0.0, "PEOE_VSA13": 0.0, "PEOE_VSA14": 0.0, "PEOE_VSA2": 0.0, "PEOE_VSA3": 0.0, "PEOE_VSA4": 0.0, "PEOE_VSA5": 23.20187978046503, "PEOE_VSA6": 0.0, "PEOE_VSA7": 0.0, "PEOE_VSA8": 0.0, "PEOE_VSA9": 8.03280565775848, "SMR_VSA1": 2.7415171123404405, "SMR_VSA10": 23.20187978046503, "SMR_VSA2": 0.0, "SMR_VSA3": 0.0, "SMR_VSA4": 0.0, "SMR_VSA5": 0.0, "SMR_VSA6": 5.29128854541804, "SMR_VSA7": 0.0, "SMR_VSA8": 0.0, "SMR_VSA9": 0.0, "SlogP_VSA1": 0.0, "SlogP_VSA10": 0.0, "SlogP_VSA11": 0.0, "SlogP_VSA12": 23.20187978046503, "SlogP_VSA2": 5.29128854541804, "SlogP_VSA3": 0.0, "SlogP_VSA4": 0.0, "SlogP_VSA5": 2.7415171123404405, "SlogP_VSA6": 0.0, "SlogP_VSA7": 0.0, "SlogP_VSA8": 0.0, "SlogP_VSA9": 0.0, "TPSA": 0.0, "EState_VSA1": 5.29128854541804, "EState_VSA10": 0.0, "EState_VSA11": 0.0, "EState_VSA2": 0.0, "EState_VSA3": 0.0, "EState_VSA4": 0.0, "EState_VSA5": 0.0, "EState_VSA6": 0.0, "EState_VSA7": 0.0, "EState_VSA8": 23.20187978046503, "EState_VSA9": 2.7415171123404405, "VSA_EState1": 12.270061728395062, "VSA_EState10": 9.257716049382715, "VSA_EState2": 0.0, "VSA_EState3": -2.0555555555555554, "VSA_EState4": 0.0, "VSA_EState5": 0.0, "VSA_EState6": 0.0, "VSA_EState7": 0.0, "VSA_EState8": 0.0, "VSA_EState9": 0.0, "FractionCSP3": 1.0, "HeavyAtomCount": 3, "NHOHCount": 0, "NOCount": 0, "NumAliphaticCarbocycles": 0, "NumAliphaticHeterocycles": 0, "NumAliphaticRings": 0, "NumAmideBonds": 0, "NumAromaticCarbocycles": 0, "NumAromaticHeterocycles": 0, "NumAromaticRings": 0, "NumAtomStereoCenters": 0, "NumBridgeheadAtoms": 0, "NumHAcceptors": 0, "NumHDonors": 0, "NumHeteroatoms": 2, "NumHeterocycles": 0, "NumRotatableBonds": 0, "NumSaturatedCarbocycles": 0, "NumSaturatedHeterocycles": 0, "NumSaturatedRings": 0, "NumSpiroAtoms": 0, "NumUnspecifiedAtomStereoCenters": 0, "Phi": 0.9769895844854216, "RingCount": 0, "MolLogP": 1.4215, "MolMR": 16.573, "fr_Al_COO": 0, "fr_Al_OH": 0, "fr_Al_OH_noTert": 0, "fr_ArN": 0, "fr_Ar_COO": 0, "fr_Ar_N": 0, "fr_Ar_NH": 0, "fr_Ar_OH": 0, "fr_COO": 0, "fr_COO2": 0, "fr_C_O": 0, "fr_C_O_noCOO": 0, "fr_C_S": 0, "fr_HOCCN": 0, "fr_Imine": 0, "fr_NH0": 0, "fr_NH1": 0, "fr_NH2": 0, "fr_N_O": 0, "fr_Ndealkylation1": 0, "fr_Ndealkylation2": 0, "fr_Nhpyrrole": 0, "fr_SH": 0, "fr_aldehyde": 0, "fr_alkyl_carbamate": 0, "fr_alkyl_halide": 2, "fr_allylic_oxid": 0, "fr_amide": 0, "fr_amidine": 0, "fr_aniline": 0, "fr_aryl_methyl": 0, "fr_azide": 0, "fr_azo": 0, "fr_barbitur": 0, "fr_benzene": 0, "fr_benzodiazepine": 0, "fr_bicyclic": 0, "fr_diazo": 0, "fr_dihydropyridine": 0, "fr_epoxide": 0, "fr_ester": 0, "fr_ether": 0, "fr_furan": 0, "fr_guanido": 0, "fr_halogen": 2, "fr_hdrzine": 0, "fr_hdrzone": 0, "fr_imidazole": 0, "fr_imide": 0, "fr_isocyan": 0, "fr_isothiocyan": 0, "fr_ketone": 0, "fr_ketone_Topliss": 0, "fr_lactam": 0, "fr_lactone": 0, "fr_methoxy": 0, "fr_morpholine": 0, "fr_nitrile": 0, "fr_nitro": 0, "fr_nitro_arom": 0, "fr_nitro_arom_nonortho": 0, "fr_nitroso": 0, "fr_oxazole": 0, "fr_oxime": 0, "fr_para_hydroxylation": 0, "fr_phenol": 0, "fr_phenol_noOrthoHbond": 0, "fr_phos_acid": 0, "fr_phos_ester": 0, "fr_piperdine": 0, "fr_piperzine": 0, "fr_priamide": 0, "fr_prisulfonamd": 0, "fr_pyridine": 0, "fr_quatN": 0, "fr_sulfide": 0, "fr_sulfonamd": 0, "fr_sulfone": 0, "fr_term_acetylene": 0, "fr_tetrazole": 0, "fr_thiazole": 0, "fr_thiocyan": 0, "fr_thiophene": 0, "fr_unbrch_alkane": 0, "fr_urea": 0}