{"Partial charge": [0.1373, -0.154, -0.0471, -0.0316, -0.0315, -0.0471, -0.1538, 0.1371, 0.0459, 0.0494, 0.0494, 0.0459], "Atom SASA": [69.7812, 5.1801, 14.6203, 16.4704, 16.4404, 14.6903, 5.1901, 69.8312, 18.32, 22.4899, 22.4899, 18.3], "Buried volume": [NaN, NaN, NaN, NaN, NaN, NaN, NaN, NaN, NaN, NaN, NaN, NaN], "H bond H2O": [-0.07, 0.0, 0.0, 0.0, 0.0, 0.0, 0.0, -0.07, -0.13, -0.18, -0.18, -0.13], "Fukui+": [0.159, 0.057, 0.041, 0.06, 0.06, 0.041, 0.057, 0.159, 0.088, 0.096, 0.096, 0.088], "Fukui-": [0.266, 0.031, 0.02, 0.044, 0.044, 0.02, 0.031, 0.266, 0.064, 0.076, 0.076, 0.064], "Electrophil.": [0.0863, 0.023, 0.0161, 0.0257, 0.0257, 0.0161, 0.023, 0.0863, 0.0376, 0.0418, 0.0418, 0.0376], "Normaliz. electrophil.": [0.1581, 0.0567, 0.0408, 0.0596, 0.0596, 0.0408, 0.0567, 0.1581, 0.0875, 0.0954, 0.0954, 0.0875], "Normaliz. nucleophil.": [-2.3929, -0.2789, -0.1799, -0.3958, -0.3958, -0.1799, -0.2789, -2.3929, -0.5757, -0.6837, -0.6837, -0.5757], "Fukui_rad": [0.212, 0.044, 0.03, 0.052, 0.052, 0.03, 0.044, 0.212, 0.076, 0.086, 0.086, 0.076], "Fukui dual": [-0.107, 0.026, 0.021, 0.016, 0.016, 0.021, 0.026, -0.107, 0.024, 0.02, 0.02, 0.024], "Dipole moment": [0.1157, 0.1531, 0.1527, 0.1988, 0.1988, 0.1527, 0.1532, 0.1162, 0.2382, 0.238, 0.238, 0.2382], "Coord. numbers": [1.223, 2.978, 2.996, 2.92, 2.92, 2.996, 2.978, 1.223, 0.926, 0.926, 0.926, 0.926], "Atom Polarizability": [22.148, 8.415, 8.808, 8.786, 8.786, 8.808, 8.415, 22.148, 2.291, 2.355, 2.355, 2.291], "Atom FOD": [0.0218, 0.0102, 0.0089, 0.0096, 0.0096, 0.0089, 0.0102, 0.0218, 0.0001, 0.0001, 0.0001, 0.0001], "Atom dispersion": [19.6414, 29.6716, 23.6761, 21.8468, 21.6144, 23.925, 29.9246, 19.6968, 15.8829, 13.572, 13.6727, 15.6504], "Pyramidalization": [NaN, NaN, NaN, NaN, NaN, NaN, NaN, NaN, NaN, NaN, NaN, NaN], "Pyramidaliz. volume": [NaN, NaN, NaN, NaN, NaN, NaN, NaN, NaN, NaN, NaN, NaN, NaN], "HOMO-LUMO gap": 10.4395, "HOMO": -9.9765, "LUMO": 0.463, "IP": 8.996, "EA": -0.367, "Dipole module": 2.3556, "SASA": 293.8039, "G solv. in H2O": -3.9, "G of H-bonds H2O": -0.77, "Fermi-level": -9.209, "Polarizability": 105.6072, "Total FOD": 0.1016, "Hardness": 9.363, "Softness": 0.1068, "Dispersion area": 181.129, "Dispersion volume": 168.9103, "Chem. potential": -4.3145, "Electrophilicity": 0.9941, "Electrofugality": 9.9901, "Nucleofugality": 1.3611, "S0-T1 gap": 94.51, "MaxAbsEStateIndex": 7.354699074074074, "MaxEStateIndex": 7.354699074074074, "MinAbsEStateIndex": 0.06678240740740704, "MinEStateIndex": -0.22678240740740718, "qed": 0.6481408061312922, "SPS": 16.25, "MolWt": 235.906, "HeavyAtomMolWt": 231.87399999999997, "ExactMolWt": 233.867974328, "NumValenceElectrons": 42, "NumRadicalElectrons": 0, "MaxPartialCharge": 0.06350038888205457, "MinPartialCharge": -0.06106671051334338, "MaxAbsPartialCharge": 0.06350038888205457, "MinAbsPartialCharge": 0.06106671051334338, "FpDensityMorgan1": 1.125, "FpDensityMorgan2": 1.5, "FpDensityMorgan3": 1.875, "BCUT2D_MWHI": 79.91993767384508, "BCUT2D_MWLOW": 10.374175261252525, "BCUT2D_CHGHI": 1.8765731088800317, "BCUT2D_CHGLO": -1.8892486566262283, "BCUT2D_LOGPHI": 2.202972399183268, "BCUT2D_LOGPLOW": -1.6275857125736757, "BCUT2D_MRHI": 9.128018225472799, "BCUT2D_MRLOW": 1.5931793073781093, "AvgIpc": 2.0815718239857546, "BalabanJ": 3.6035674514745475, "BertzCT": 214.30309024251744, "Chi0": 9.464101615137753, "Chi0n": 7.755928946018455, "Chi0v": 6.927922024247863, "Chi1": 5.464101615137755, "Chi1n": 3.8779644730092273, "Chi1v": 3.4639610121239315, "Chi2n": 1.127964473009227, "Chi2v": 2.7139610121239315, "Chi3n": 0.5996965222188992, "Chi3v": 2.3212662203476797, "Chi4n": 0.2819911182523068, "Chi4v": 0.6784902530309829, "HallKierAlpha": 0.17999999999999994, "Ipc": 416.3143647971509, "Kappa1": 2.8425467468001866, "Kappa2": 2.6460974753069504, "Kappa3": 1.326674517810683, "LabuteASA": 70.78638033145093, "PEOE_VSA1": 0.0, "PEOE_VSA10": 0.0, "PEOE_VSA11": 0.0, "PEOE_VSA12": 0.0, "PEOE_VSA13": 0.0, "PEOE_VSA14": 0.0, "PEOE_VSA2": 0.0, "PEOE_VSA3": 0.0, "PEOE_VSA4": 0.0, "PEOE_VSA5": 0.0, "PEOE_VSA6": 12.08483741532659, "PEOE_VSA7": 43.94472521122529, "PEOE_VSA8": 8.945439031664828, "PEOE_VSA9": 5.483034224680881, "SMR_VSA1": 5.483034224680881, "SMR_VSA10": 31.859887795898697, "SMR_VSA2": 0.0, "SMR_VSA3": 0.0, "SMR_VSA4": 0.0, "SMR_VSA5": 0.0, "SMR_VSA6": 0.0, "SMR_VSA7": 33.115113862318005, "SMR_VSA8": 0.0, "SMR_VSA9": 0.0, "SlogP_VSA1": 0.0, "SlogP_VSA10": 0.0, "SlogP_VSA11": 0.0, "SlogP_VSA12": 31.859887795898697, "SlogP_VSA2": 0.0, "SlogP_VSA3": 0.0, "SlogP_VSA4": 0.0, "SlogP_VSA5": 5.483034224680881, "SlogP_VSA6": 33.115113862318005, "SlogP_VSA7": 0.0, "SlogP_VSA8": 0.0, "SlogP_VSA9": 0.0, "TPSA": 0.0, "EState_VSA1": 0.0, "EState_VSA10": 0.0, "EState_VSA11": 0.0, "EState_VSA2": 24.16967483065318, "EState_VSA3": 8.945439031664828, "EState_VSA4": 0.0, "EState_VSA5": 0.0, "EState_VSA6": 0.0, "EState_VSA7": 0.0, "EState_VSA8": 31.859887795898697, "EState_VSA9": 5.483034224680881, "VSA_EState1": 29.972731481481482, "VSA_EState10": 6.114398148148148, "VSA_EState2": 0.0, "VSA_EState3": 0.0, "VSA_EState4": 0.0, "VSA_EState5": 0.0, "VSA_EState6": -0.5871296296296284, "VSA_EState7": 0.0, "VSA_EState8": 0.0, "VSA_EState9": 0.0, "FractionCSP3": 0.0, "HeavyAtomCount": 8, "NHOHCount": 0, "NOCount": 0, "NumAliphaticCarbocycles": 0, "NumAliphaticHeterocycles": 0, "NumAliphaticRings": 0, "NumAmideBonds": 0, "NumAromaticCarbocycles": 1, "NumAromaticHeterocycles": 0, "NumAromaticRings": 1, "NumAtomStereoCenters": 0, "NumBridgeheadAtoms": 0, "NumHAcceptors": 0, "NumHDonors": 0, "NumHeteroatoms": 2, "NumHeterocycles": 0, "NumRotatableBonds": 0, "NumSaturatedCarbocycles": 0, "NumSaturatedHeterocycles": 0, "NumSaturatedRings": 0, "NumSpiroAtoms": 0, "NumUnspecifiedAtomStereoCenters": 0, "Phi": 0.9402069712687449, "RingCount": 1, "MolLogP": 3.2116000000000007, "MolMR": 41.84200000000001, "fr_Al_COO": 0, "fr_Al_OH": 0, "fr_Al_OH_noTert": 0, "fr_ArN": 0, "fr_Ar_COO": 0, "fr_Ar_N": 0, "fr_Ar_NH": 0, "fr_Ar_OH": 0, "fr_COO": 0, "fr_COO2": 0, "fr_C_O": 0, "fr_C_O_noCOO": 0, "fr_C_S": 0, "fr_HOCCN": 0, "fr_Imine": 0, "fr_NH0": 0, "fr_NH1": 0, "fr_NH2": 0, "fr_N_O": 0, "fr_Ndealkylation1": 0, "fr_Ndealkylation2": 0, "fr_Nhpyrrole": 0, "fr_SH": 0, "fr_aldehyde": 0, "fr_alkyl_carbamate": 0, "fr_alkyl_halide": 0, "fr_allylic_oxid": 0, "fr_amide": 0, "fr_amidine": 0, "fr_aniline": 0, "fr_aryl_methyl": 0, "fr_azide": 0, "fr_azo": 0, "fr_barbitur": 0, "fr_benzene": 1, "fr_benzodiazepine": 0, "fr_bicyclic": 0, "fr_diazo": 0, "fr_dihydropyridine": 0, "fr_epoxide": 0, "fr_ester": 0, "fr_ether": 0, "fr_furan": 0, "fr_guanido": 0, "fr_halogen": 2, "fr_hdrzine": 0, "fr_hdrzone": 0, "fr_imidazole": 0, "fr_imide": 0, "fr_isocyan": 0, "fr_isothiocyan": 0, "fr_ketone": 0, "fr_ketone_Topliss": 0, "fr_lactam": 0, "fr_lactone": 0, "fr_methoxy": 0, "fr_morpholine": 0, "fr_nitrile": 0, "fr_nitro": 0, "fr_nitro_arom": 0, "fr_nitro_arom_nonortho": 0, "fr_nitroso": 0, "fr_oxazole": 0, "fr_oxime": 0, "fr_para_hydroxylation": 0, "fr_phenol": 0, "fr_phenol_noOrthoHbond": 0, "fr_phos_acid": 0, "fr_phos_ester": 0, "fr_piperdine": 0, "fr_piperzine": 0, "fr_priamide": 0, "fr_prisulfonamd": 0, "fr_pyridine": 0, "fr_quatN": 0, "fr_sulfide": 0, "fr_sulfonamd": 0, "fr_sulfone": 0, "fr_term_acetylene": 0, "fr_tetrazole": 0, "fr_thiazole": 0, "fr_thiocyan": 0, "fr_thiophene": 0, "fr_unbrch_alkane": 0, "fr_urea": 0}