{"Partial charge": [-0.2656, 0.1588, 0.1588, -0.2658, 0.0336, 0.0413, 0.032, 0.0321, 0.0413, 0.0334], "Atom SASA": [19.3105, 44.4499, 44.4799, 19.3005, 15.32, 21.5599, 19.28, 19.28, 21.5499, 15.29], "Buried volume": [NaN, NaN, NaN, NaN, NaN, NaN, NaN, NaN, NaN, NaN], "H bond H2O": [0.0, 0.0, 0.0, 0.0, -0.09, -0.16, -0.11, -0.11, -0.16, -0.09], "Fukui+": [-0.071, 0.382, 0.382, -0.071, 0.061, 0.065, 0.062, 0.062, 0.065, 0.061], "Fukui-": [-0.063, 0.357, 0.357, -0.063, 0.069, 0.071, 0.066, 0.066, 0.071, 0.069], "Electrophil.": [-0.0258, 0.1413, 0.1413, -0.0258, 0.0239, 0.0252, 0.0238, 0.0238, 0.0252, 0.0239], "Normaliz. electrophil.": [-0.048, 0.258, 0.258, -0.048, 0.0412, 0.0439, 0.0419, 0.0419, 0.0439, 0.0412], "Normaliz. nucleophil.": [0.5252, -2.976, -2.976, 0.5252, -0.5752, -0.5919, -0.5502, -0.5502, -0.5919, -0.5752], "Fukui_rad": [-0.067, 0.37, 0.37, -0.067, 0.065, 0.068, 0.064, 0.064, 0.068, 0.065], "Fukui dual": [-0.008, 0.025, 0.025, -0.008, -0.008, -0.006, -0.004, -0.004, -0.006, -0.008], "Dipole moment": [0.2687, 0.6471, 0.6467, 0.2687, 0.1558, 0.1636, 0.1645, 0.1645, 0.1635, 0.1558], "Coord. numbers": [3.746, 1.948, 1.948, 3.746, 0.925, 0.925, 0.925, 0.925, 0.925, 0.925], "Atom Polarizability": [6.643, 20.325, 20.324, 6.643, 2.37, 2.311, 2.325, 2.325, 2.311, 2.37], "Atom FOD": [0.0017, 0.0369, 0.0369, 0.0017, 0.0005, 0.0002, 0.0005, 0.0005, 0.0002, 0.0005], "Atom dispersion": [18.4133, 18.6549, 18.5698, 18.5299, 14.4858, 12.6223, 14.1821, 13.9422, 12.3725, 14.7549], "Pyramidalization": [NaN, NaN, NaN, NaN, NaN, NaN, NaN, NaN, NaN, NaN], "Pyramidaliz. volume": [NaN, NaN, NaN, NaN, NaN, NaN, NaN, NaN, NaN, NaN], "HOMO-LUMO gap": 12.5784, "HOMO": -9.8578, "LUMO": 2.7207, "IP": 8.3361, "EA": -1.1694, "Dipole module": 2.2243, "SASA": 239.8204, "G solv. in H2O": -0.48, "G of H-bonds H2O": -0.74, "Fermi-level": -8.4113, "Polarizability": 67.9479, "Total FOD": 0.0796, "Hardness": 9.5055, "Softness": 0.1052, "Dispersion area": 143.347, "Dispersion volume": 124.4043, "Chem. potential": -3.5834, "Electrophilicity": 0.6754, "Electrofugality": 9.0115, "Nucleofugality": 1.8448, "S0-T1 gap": 87.9, "MaxAbsEStateIndex": 6.6372685185185185, "MaxEStateIndex": 6.6372685185185185, "MinAbsEStateIndex": 0.3946759259259256, "MinEStateIndex": -2.223148148148148, "qed": 0.4528402196875039, "SPS": 36.0, "MolWt": 94.20399999999998, "HeavyAtomMolWt": 88.156, "ExactMolWt": 93.991092192, "NumValenceElectrons": 26, "NumRadicalElectrons": 0, "MaxPartialCharge": 0.03526905337911977, "MinPartialCharge": -0.0978818338880869, "MaxAbsPartialCharge": 0.0978818338880869, "MinAbsPartialCharge": 0.03526905337911977, "FpDensityMorgan1": 1.5, "FpDensityMorgan2": 2.0, "FpDensityMorgan3": 2.25, "BCUT2D_MWHI": 33.114482612278856, "BCUT2D_MWLOW": 11.957773866245837, "BCUT2D_CHGHI": 1.5469557869042214, "BCUT2D_CHGLO": -1.691145892230018, "BCUT2D_LOGPHI": 2.086035102067946, "BCUT2D_LOGPLOW": -1.2798611971521536, "BCUT2D_MRHI": 8.757891911897088, "BCUT2D_MRLOW": 2.507595831604366, "AvgIpc": 1.5730118671551043, "BalabanJ": 3.563001750182873, "BertzCT": 73.58638780895903, "Chi0": 8.414213562373096, "Chi0n": 7.816496580927726, "Chi0v": 3.449489742783178, "Chi1": 4.207106781186548, "Chi1n": 3.5749149571305296, "Chi1v": 2.7247448713915885, "Chi2n": 0.1666666666666667, "Chi2v": 1.4999999999999998, "Chi3n": 0.04166666666666668, "Chi3v": 0.37499999999999994, "Chi4n": 0.0, "Chi4v": 0.0, "HallKierAlpha": 0.7, "Ipc": 64.49348655335928, "Kappa1": 0.6838452545435223, "Kappa2": 3.7, "Kappa3": 2.700000000000001, "LabuteASA": 43.1801982803132, "PEOE_VSA1": 0.0, "PEOE_VSA10": 0.0, "PEOE_VSA11": 0.0, "PEOE_VSA12": 0.0, "PEOE_VSA13": 0.0, "PEOE_VSA14": 0.0, "PEOE_VSA2": 0.0, "PEOE_VSA3": 0.0, "PEOE_VSA4": 0.0, "PEOE_VSA5": 0.0, "PEOE_VSA6": 21.587795952773448, "PEOE_VSA7": 12.367848202232917, "PEOE_VSA8": 8.224551337021321, "PEOE_VSA9": 0.0, "SMR_VSA1": 8.224551337021321, "SMR_VSA10": 21.587795952773448, "SMR_VSA2": 0.0, "SMR_VSA3": 0.0, "SMR_VSA4": 0.0, "SMR_VSA5": 0.0, "SMR_VSA6": 12.367848202232917, "SMR_VSA7": 0.0, "SMR_VSA8": 0.0, "SMR_VSA9": 0.0, "SlogP_VSA1": 0.0, "SlogP_VSA10": 0.0, "SlogP_VSA11": 0.0, "SlogP_VSA12": 21.587795952773448, "SlogP_VSA2": 12.367848202232917, "SlogP_VSA3": 0.0, "SlogP_VSA4": 0.0, "SlogP_VSA5": 8.224551337021321, "SlogP_VSA6": 0.0, "SlogP_VSA7": 0.0, "SlogP_VSA8": 0.0, "SlogP_VSA9": 0.0, "TPSA": 0.0, "EState_VSA1": 12.367848202232917, "EState_VSA10": 0.0, "EState_VSA11": 0.0, "EState_VSA2": 0.0, "EState_VSA3": 21.587795952773448, "EState_VSA4": 0.0, "EState_VSA5": 0.0, "EState_VSA6": 0.0, "EState_VSA7": 0.0, "EState_VSA8": 0.0, "EState_VSA9": 8.224551337021321, "VSA_EState1": 39.82361111111111, "VSA_EState10": 0.0, "VSA_EState2": 0.0, "VSA_EState3": 0.0, "VSA_EState4": 0.0, "VSA_EState5": 0.0, "VSA_EState6": 0.0, "VSA_EState7": -4.446296296296296, "VSA_EState8": 0.0, "VSA_EState9": 0.7893518518518514, "FractionCSP3": 1.0, "HeavyAtomCount": 4, "NHOHCount": 0, "NOCount": 0, "NumAliphaticCarbocycles": 0, "NumAliphaticHeterocycles": 0, "NumAliphaticRings": 0, "NumAmideBonds": 0, "NumAromaticCarbocycles": 0, "NumAromaticHeterocycles": 0, "NumAromaticRings": 0, "NumAtomStereoCenters": 0, "NumBridgeheadAtoms": 0, "NumHAcceptors": 2, "NumHDonors": 0, "NumHeteroatoms": 2, "NumHeterocycles": 0, "NumRotatableBonds": 3, "NumSaturatedCarbocycles": 0, "NumSaturatedHeterocycles": 0, "NumSaturatedRings": 0, "NumSpiroAtoms": 0, "NumUnspecifiedAtomStereoCenters": 0, "Phi": 0.6325568604527582, "RingCount": 0, "MolLogP": 1.6274, "MolMR": 27.029999999999994, "fr_Al_COO": 0, "fr_Al_OH": 0, "fr_Al_OH_noTert": 0, "fr_ArN": 0, "fr_Ar_COO": 0, "fr_Ar_N": 0, "fr_Ar_NH": 0, "fr_Ar_OH": 0, "fr_COO": 0, "fr_COO2": 0, "fr_C_O": 0, "fr_C_O_noCOO": 0, "fr_C_S": 0, "fr_HOCCN": 0, "fr_Imine": 0, "fr_NH0": 0, "fr_NH1": 0, "fr_NH2": 0, "fr_N_O": 0, "fr_Ndealkylation1": 0, "fr_Ndealkylation2": 0, "fr_Nhpyrrole": 0, "fr_SH": 0, "fr_aldehyde": 0, "fr_alkyl_carbamate": 0, "fr_alkyl_halide": 0, "fr_allylic_oxid": 0, "fr_amide": 0, "fr_amidine": 0, "fr_aniline": 0, "fr_aryl_methyl": 0, "fr_azide": 0, "fr_azo": 0, "fr_barbitur": 0, "fr_benzene": 0, "fr_benzodiazepine": 0, "fr_bicyclic": 0, "fr_diazo": 0, "fr_dihydropyridine": 0, "fr_epoxide": 0, "fr_ester": 0, "fr_ether": 0, "fr_furan": 0, "fr_guanido": 0, "fr_halogen": 0, "fr_hdrzine": 0, "fr_hdrzone": 0, "fr_imidazole": 0, "fr_imide": 0, "fr_isocyan": 0, "fr_isothiocyan": 0, "fr_ketone": 0, "fr_ketone_Topliss": 0, "fr_lactam": 0, "fr_lactone": 0, "fr_methoxy": 0, "fr_morpholine": 0, "fr_nitrile": 0, "fr_nitro": 0, "fr_nitro_arom": 0, "fr_nitro_arom_nonortho": 0, "fr_nitroso": 0, "fr_oxazole": 0, "fr_oxime": 0, "fr_para_hydroxylation": 0, "fr_phenol": 0, "fr_phenol_noOrthoHbond": 0, "fr_phos_acid": 0, "fr_phos_ester": 0, "fr_piperdine": 0, "fr_piperzine": 0, "fr_priamide": 0, "fr_prisulfonamd": 0, "fr_pyridine": 0, "fr_quatN": 0, "fr_sulfide": 0, "fr_sulfonamd": 0, "fr_sulfone": 0, "fr_term_acetylene": 0, "fr_tetrazole": 0, "fr_thiazole": 0, "fr_thiocyan": 0, "fr_thiophene": 0, "fr_unbrch_alkane": 0, "fr_urea": 0}