{"Partial charge": [-0.0656, -0.0035, -0.0217, -0.1413, 0.0633, 0.0609, 0.0609, 0.0469], "Atom SASA": [20.5105, 23.6891, 22.4305, 44.4883, 22.7399, 18.86, 18.87, 23.3499], "Buried volume": [NaN, NaN, NaN, NaN, NaN, NaN, NaN, NaN], "H bond H2O": [0.0, -0.07, -0.07, -0.35, -0.31, -0.16, -0.16, -0.07], "Fukui+": [-0.055, 0.154, 0.165, 0.325, 0.086, 0.059, 0.059, 0.206], "Fukui-": [-0.029, 0.158, 0.002, 0.284, 0.13, 0.119, 0.119, 0.216], "Electrophil.": [-0.0137, 0.0464, 0.0323, 0.0929, 0.0303, 0.0239, 0.0239, 0.0625], "Normaliz. electrophil.": [-0.0333, 0.0932, 0.0998, 0.1966, 0.052, 0.0357, 0.0357, 0.1246], "Normaliz. nucleophil.": [0.3145, -1.7135, -0.0217, -3.08, -1.4099, -1.2906, -1.2906, -2.3426], "Fukui_rad": [-0.042, 0.156, 0.084, 0.305, 0.108, 0.089, 0.089, 0.211], "Fukui dual": [-0.026, -0.004, 0.163, 0.041, -0.044, -0.06, -0.06, -0.01], "Dipole moment": [0.5535, 0.4653, 0.4422, 0.341, 0.1458, 0.1314, 0.1314, 0.2355], "Coord. numbers": [3.66, 1.703, 2.671, 0.856, 0.925, 0.924, 0.924, 0.923], "Atom Polarizability": [6.484, 5.718, 7.549, 6.161, 2.224, 2.26, 2.26, 2.504], "Atom FOD": [0.0002, 0.0013, 0.0034, 0.0051, 0.0001, 0.0001, 0.0001, 0.0008], "Atom dispersion": [15.654, 14.6043, 15.8793, 12.3065, 10.354, 11.7021, 11.7877, 10.5377], "Pyramidalization": [NaN, NaN, NaN, NaN, NaN, NaN, NaN, NaN], "Pyramidaliz. volume": [NaN, NaN, NaN, NaN, NaN, NaN, NaN, NaN], "HOMO-LUMO gap": 13.5876, "HOMO": -10.7672, "LUMO": 2.8204, "IP": 10.8452, "EA": -2.7373, "Dipole module": 2.1939, "SASA": 194.9382, "G solv. in H2O": -3.4, "G of H-bonds H2O": -1.23, "Fermi-level": -9.2416, "Polarizability": 35.1607, "Total FOD": 0.0112, "Hardness": 13.5825, "Softness": 0.0736, "Dispersion area": 103.6302, "Dispersion volume": 80.7494, "Chem. potential": -4.054, "Electrophilicity": 0.605, "Electrofugality": 11.4502, "Nucleofugality": 3.3423, "S0-T1 gap": 129.97, "MaxAbsEStateIndex": 9.543819444444445, "MaxEStateIndex": 9.543819444444445, "MinAbsEStateIndex": 1.5370370370370365, "MinEStateIndex": -2.765046296296296, "qed": 0.3912258247330487, "SPS": 23.0, "MolWt": 60.052000000000014, "HeavyAtomMolWt": 56.02, "ExactMolWt": 60.021129368000004, "NumValenceElectrons": 24, "NumRadicalElectrons": 0, "MaxPartialCharge": 0.29229926118868244, "MinPartialCharge": -0.47122144651324294, "MaxAbsPartialCharge": 0.47122144651324294, "MinAbsPartialCharge": 0.29229926118868244, "FpDensityMorgan1": 2.75, "FpDensityMorgan2": 3.5, "FpDensityMorgan3": 3.5, "BCUT2D_MWHI": 16.507215603563868, "BCUT2D_MWLOW": 11.504441992047042, "BCUT2D_CHGHI": 1.4400368443510951, "BCUT2D_CHGLO": -1.666250135997895, "BCUT2D_LOGPHI": 1.3497095476217214, "BCUT2D_LOGPLOW": -1.67798453203007, "BCUT2D_MRHI": 5.3577601396717425, "BCUT2D_MRLOW": -0.12552598146619626, "AvgIpc": 1.210810026106033, "BalabanJ": 3.5512529243669304, "BertzCT": 82.70165766734145, "Chi0": 6.784457050376173, "Chi0n": 5.816496580927726, "Chi0v": 1.8164965809277263, "Chi1": 3.416502219436388, "Chi1n": 2.6123724356957947, "Chi1v": 0.6123724356957946, "Chi2n": 0.18539540594929912, "Chi2v": 0.18539540594929912, "Chi3n": 0.04166666666666668, "Chi3v": 0.04166666666666668, "Chi4n": 0.0, "Chi4v": 0.0, "HallKierAlpha": -0.53, "Ipc": 23.005390496014627, "Kappa1": 0.5057254621854761, "Kappa2": 2.4699999999999993, "Kappa3": 1.4699999999999982, "LabuteASA": 29.999142472448057, "PEOE_VSA1": 4.736862953800049, "PEOE_VSA10": 0.0, "PEOE_VSA11": 1.3707585561702202, "PEOE_VSA12": 0.0, "PEOE_VSA13": 6.448272503918149, "PEOE_VSA14": 0.0, "PEOE_VSA2": 4.794537184071822, "PEOE_VSA3": 0.0, "PEOE_VSA4": 0.0, "PEOE_VSA5": 0.0, "PEOE_VSA6": 0.0, "PEOE_VSA7": 0.0, "PEOE_VSA8": 0.0, "PEOE_VSA9": 11.150228127393248, "SMR_VSA1": 15.014434362552748, "SMR_VSA10": 6.448272503918149, "SMR_VSA2": 0.0, "SMR_VSA3": 0.0, "SMR_VSA4": 0.0, "SMR_VSA5": 0.0, "SMR_VSA6": 7.037952458882589, "SMR_VSA7": 0.0, "SMR_VSA8": 0.0, "SMR_VSA9": 0.0, "SlogP_VSA1": 0.0, "SlogP_VSA10": 0.0, "SlogP_VSA11": 0.0, "SlogP_VSA12": 0.0, "SlogP_VSA2": 13.486224962800737, "SlogP_VSA3": 9.53140013787187, "SlogP_VSA4": 0.0, "SlogP_VSA5": 5.483034224680881, "SlogP_VSA6": 0.0, "SlogP_VSA7": 0.0, "SlogP_VSA8": 0.0, "SlogP_VSA9": 0.0, "TPSA": 26.3, "EState_VSA1": 13.486224962800737, "EState_VSA10": 4.794537184071822, "EState_VSA11": 0.0, "EState_VSA2": 0.0, "EState_VSA3": 0.0, "EState_VSA4": 0.0, "EState_VSA5": 0.0, "EState_VSA6": 0.0, "EState_VSA7": 0.0, "EState_VSA8": 4.736862953800049, "EState_VSA9": 5.483034224680881, "VSA_EState1": 28.174930555555555, "VSA_EState10": 0.0, "VSA_EState2": 9.543819444444445, "VSA_EState3": 0.0, "VSA_EState4": 0.0, "VSA_EState5": 0.0, "VSA_EState6": 0.0, "VSA_EState7": -1.5370370370370365, "VSA_EState8": 0.0, "VSA_EState9": -2.765046296296296, "FractionCSP3": 0.5, "HeavyAtomCount": 4, "NHOHCount": 0, "NOCount": 2, "NumAliphaticCarbocycles": 0, "NumAliphaticHeterocycles": 0, "NumAliphaticRings": 0, "NumAmideBonds": 0, "NumAromaticCarbocycles": 0, "NumAromaticHeterocycles": 0, "NumAromaticRings": 0, "NumAtomStereoCenters": 0, "NumBridgeheadAtoms": 0, "NumHAcceptors": 2, "NumHDonors": 0, "NumHeteroatoms": 2, "NumHeterocycles": 0, "NumRotatableBonds": 1, "NumSaturatedCarbocycles": 0, "NumSaturatedHeterocycles": 0, "NumSaturatedRings": 0, "NumSpiroAtoms": 0, "NumUnspecifiedAtomStereoCenters": 0, "Phi": 0.3122854728995314, "RingCount": 0, "MolLogP": -0.2108000000000001, "MolMR": 13.073, "fr_Al_COO": 0, "fr_Al_OH": 0, "fr_Al_OH_noTert": 0, "fr_ArN": 0, "fr_Ar_COO": 0, "fr_Ar_N": 0, "fr_Ar_NH": 0, "fr_Ar_OH": 0, "fr_COO": 0, "fr_COO2": 0, "fr_C_O": 1, "fr_C_O_noCOO": 1, "fr_C_S": 0, "fr_HOCCN": 0, "fr_Imine": 0, "fr_NH0": 0, "fr_NH1": 0, "fr_NH2": 0, "fr_N_O": 0, "fr_Ndealkylation1": 0, "fr_Ndealkylation2": 0, "fr_Nhpyrrole": 0, "fr_SH": 0, "fr_aldehyde": 0, "fr_alkyl_carbamate": 0, "fr_alkyl_halide": 0, "fr_allylic_oxid": 0, "fr_amide": 0, "fr_amidine": 0, "fr_aniline": 0, "fr_aryl_methyl": 0, "fr_azide": 0, "fr_azo": 0, "fr_barbitur": 0, "fr_benzene": 0, "fr_benzodiazepine": 0, "fr_bicyclic": 0, "fr_diazo": 0, "fr_dihydropyridine": 0, "fr_epoxide": 0, "fr_ester": 0, "fr_ether": 1, "fr_furan": 0, "fr_guanido": 0, "fr_halogen": 0, "fr_hdrzine": 0, "fr_hdrzone": 0, "fr_imidazole": 0, "fr_imide": 0, "fr_isocyan": 0, "fr_isothiocyan": 0, "fr_ketone": 0, "fr_ketone_Topliss": 0, "fr_lactam": 0, "fr_lactone": 0, "fr_methoxy": 1, "fr_morpholine": 0, "fr_nitrile": 0, "fr_nitro": 0, "fr_nitro_arom": 0, "fr_nitro_arom_nonortho": 0, "fr_nitroso": 0, "fr_oxazole": 0, "fr_oxime": 0, "fr_para_hydroxylation": 0, "fr_phenol": 0, "fr_phenol_noOrthoHbond": 0, "fr_phos_acid": 0, "fr_phos_ester": 0, "fr_piperdine": 0, "fr_piperzine": 0, "fr_priamide": 0, "fr_prisulfonamd": 0, "fr_pyridine": 0, "fr_quatN": 0, "fr_sulfide": 0, "fr_sulfonamd": 0, "fr_sulfone": 0, "fr_term_acetylene": 0, "fr_tetrazole": 0, "fr_thiazole": 0, "fr_thiocyan": 0, "fr_thiophene": 0, "fr_unbrch_alkane": 0, "fr_urea": 0}