{"Partial charge": [-0.1395, 0.0256, -0.0546, -0.0021, -0.1326, 0.0659, 0.0656, 0.0578, 0.0432, 0.0435, 0.0273], "Atom SASA": [19.6795, 12.6767, 14.4643, 19.3511, 50.6399, 22.3585, 22.1715, 18.124, 16.809, 17.367, 19.9189], "Buried volume": [NaN, NaN, NaN, NaN, NaN, NaN, NaN, NaN, NaN, NaN, NaN], "H bond H2O": [0.0, 0.0, 0.0, -0.03, -0.4079, -0.21, -0.2067, -0.096, -0.0946, -0.1028, -0.01], "Fukui+": [-0.042, 0.124, 0.049, 0.0717, 0.2338, 0.085, 0.0842, 0.0602, 0.0995, 0.1047, 0.1309], "Fukui-": [-0.0144, 0.0476, 0.0491, 0.0184, 0.2663, 0.1021, 0.1019, 0.0658, 0.0686, 0.0932, 0.2015], "Electrophil.": [-0.0158, 0.0468, 0.022, 0.0258, 0.11, 0.0406, 0.0404, 0.0281, 0.0412, 0.0462, 0.0681], "Normaliz. electrophil.": [-0.0428, 0.1263, 0.0499, 0.0731, 0.2384, 0.0866, 0.0859, 0.0614, 0.1014, 0.1067, 0.1334], "Normaliz. nucleophil.": [0.136, -0.4497, -0.4641, -0.1739, -2.5178, -0.9652, -0.9635, -0.6219, -0.6489, -0.8817, -1.905], "Fukui_rad": [-0.0287, 0.0859, 0.0485, 0.0447, 0.25, 0.0935, 0.0931, 0.0633, 0.0839, 0.0993, 0.1664], "Fukui dual": [-0.0276, 0.0764, -0.0001, 0.0533, -0.0325, -0.0171, -0.0177, -0.0055, 0.0308, 0.0115, -0.0705], "Dipole moment": [0.3427, 0.415, 0.1993, 0.2839, 0.3382, 0.1533, 0.1532, 0.1455, 0.2512, 0.2459, 0.2226], "Coord. numbers": [3.7556, 2.8926, 2.8896, 2.7653, 0.8566, 0.925, 0.925, 0.925, 0.925, 0.926, 0.922], "Atom Polarizability": [6.7887, 8.685, 8.9351, 7.9489, 6.0705, 2.2883, 2.2897, 2.3523, 2.3377, 2.3268, 2.6624], "Atom FOD": [0.002, 0.0268, 0.0171, 0.0253, 0.0508, 0.0015, 0.0015, 0.0002, 0.0004, 0.0008, 0.0088], "Atom dispersion": [18.0949, 20.003, 19.7829, 17.5503, 12.5365, 11.6413, 11.5315, 12.3422, 13.9077, 13.5574, 12.2442], "Pyramidalization": [NaN, NaN, NaN, NaN, NaN, NaN, NaN, NaN, NaN, NaN, NaN], "Pyramidaliz. volume": [NaN, NaN, NaN, NaN, NaN, NaN, NaN, NaN, NaN, NaN, NaN], "HOMO-LUMO gap": 9.9775, "HOMO": -9.8244, "LUMO": 0.1531, "IP": 9.4558, "EA": -0.463, "Dipole module": 4.0133, "SASA": 233.5604, "G solv. in H2O": -5.2731, "G of H-bonds H2O": -1.1756, "Fermi-level": -9.3545, "Polarizability": 52.6867, "Total FOD": 0.1354, "Hardness": 9.9187, "Softness": 0.1008, "Dispersion area": 132.4532, "Dispersion volume": 108.1429, "Chem. potential": -4.4964, "Electrophilicity": 1.0192, "Electrofugality": 10.475, "Nucleofugality": 1.4822, "S0-T1 gap": 75.4831, "MaxAbsEStateIndex": 10.083148148148148, "MaxEStateIndex": 10.083148148148148, "MinAbsEStateIndex": 1.0787037037037035, "MinEStateIndex": -2.7700462962962966, "qed": 0.32859625570390477, "SPS": 32.8, "MolWt": 70.09099999999997, "HeavyAtomMolWt": 64.04299999999999, "ExactMolWt": 70.041864812, "NumValenceElectrons": 28, "NumRadicalElectrons": 0, "MaxPartialCharge": 0.1420076657939182, "MinPartialCharge": -0.2985764972892379, "MaxAbsPartialCharge": 0.2985764972892379, "MinAbsPartialCharge": 0.1420076657939182, "FpDensityMorgan1": 2.2, "FpDensityMorgan2": 3.0, "FpDensityMorgan3": 3.2, "BCUT2D_MWHI": 16.12842713066499, "BCUT2D_MWLOW": 10.58103585576976, "BCUT2D_CHGHI": 1.4781833045191721, "BCUT2D_CHGLO": -1.5083268326091084, "BCUT2D_LOGPHI": 1.5479039271363129, "BCUT2D_LOGPLOW": -1.4987565135450156, "BCUT2D_MRHI": 5.637710671063807, "BCUT2D_MRLOW": -0.10362174949396151, "AvgIpc": 1.8215958686416271, "BalabanJ": 4.8215723237093275, "BertzCT": 186.57407497429568, "Chi0": 9.232050807568877, "Chi0n": 8.408248290463863, "Chi0v": 2.408248290463863, "Chi1": 4.764742878019982, "Chi1n": 3.9541241452319316, "Chi1v": 0.9541241452319316, "Chi2n": 0.3520620726159658, "Chi2v": 0.3520620726159658, "Chi3n": 0.11353103630798289, "Chi3v": 0.11353103630798289, "Chi4n": 0.025515518153991442, "Chi4v": 0.025515518153991442, "HallKierAlpha": -0.5900000000000001, "Ipc": 136.61969014812203, "Kappa1": 0.5791193825728616, "Kappa2": 3.4100000000000006, "Kappa3": 3.410000000000001, "LabuteASA": 39.73581943988577, "PEOE_VSA1": 0.0, "PEOE_VSA10": 7.632970718501461, "PEOE_VSA11": 0.0, "PEOE_VSA12": 0.0, "PEOE_VSA13": 0.0, "PEOE_VSA14": 0.0, "PEOE_VSA2": 4.794537184071822, "PEOE_VSA3": 0.0, "PEOE_VSA4": 0.0, "PEOE_VSA5": 0.0, "PEOE_VSA6": 6.052071746035566, "PEOE_VSA7": 12.903963863331246, "PEOE_VSA8": 4.1122756685106605, "PEOE_VSA9": 2.7415171123404405, "SMR_VSA1": 13.019088521093142, "SMR_VSA10": 6.262212162331241, "SMR_VSA2": 0.0, "SMR_VSA3": 0.0, "SMR_VSA4": 0.0, "SMR_VSA5": 6.851892117295679, "SMR_VSA6": 0.0, "SMR_VSA7": 12.104143492071133, "SMR_VSA8": 0.0, "SMR_VSA9": 0.0, "SlogP_VSA1": 0.0, "SlogP_VSA10": 0.0, "SlogP_VSA11": 0.0, "SlogP_VSA12": 0.0, "SlogP_VSA2": 6.262212162331241, "SlogP_VSA3": 4.794537184071822, "SlogP_VSA4": 0.0, "SlogP_VSA5": 15.076443454316998, "SlogP_VSA6": 12.104143492071133, "SlogP_VSA7": 0.0, "SlogP_VSA8": 0.0, "SlogP_VSA9": 0.0, "TPSA": 17.07, "EState_VSA1": 25.218247771698053, "EState_VSA10": 4.794537184071822, "EState_VSA11": 0.0, "EState_VSA2": 0.0, "EState_VSA3": 0.0, "EState_VSA4": 0.0, "EState_VSA5": 0.0, "EState_VSA6": 0.0, "EState_VSA7": 0.0, "EState_VSA8": 0.0, "EState_VSA9": 8.224551337021321, "VSA_EState1": 39.55391203703704, "VSA_EState10": 0.0, "VSA_EState2": 10.083148148148148, "VSA_EState3": 0.0, "VSA_EState4": 0.0, "VSA_EState5": 0.0, "VSA_EState6": -2.164351851851851, "VSA_EState7": -1.452662037037037, "VSA_EState8": -2.7700462962962966, "VSA_EState9": 0.0, "FractionCSP3": 0.25, "HeavyAtomCount": 5, "NHOHCount": 0, "NOCount": 1, "NumAliphaticCarbocycles": 0, "NumAliphaticHeterocycles": 0, "NumAliphaticRings": 0, "NumAmideBonds": 0, "NumAromaticCarbocycles": 0, "NumAromaticHeterocycles": 0, "NumAromaticRings": 0, "NumAtomStereoCenters": 0, "NumBridgeheadAtoms": 0, "NumHAcceptors": 1, "NumHDonors": 0, "NumHeteroatoms": 1, "NumHeterocycles": 0, "NumRotatableBonds": 2, "NumSaturatedCarbocycles": 0, "NumSaturatedHeterocycles": 0, "NumSaturatedRings": 0, "NumSpiroAtoms": 0, "NumUnspecifiedAtomStereoCenters": 0, "Phi": 0.39495941891469166, "RingCount": 0, "MolLogP": 0.7614000000000001, "MolMR": 20.877999999999993, "fr_Al_COO": 0, "fr_Al_OH": 0, "fr_Al_OH_noTert": 0, "fr_ArN": 0, "fr_Ar_COO": 0, "fr_Ar_N": 0, "fr_Ar_NH": 0, "fr_Ar_OH": 0, "fr_COO": 0, "fr_COO2": 0, "fr_C_O": 1, "fr_C_O_noCOO": 1, "fr_C_S": 0, "fr_HOCCN": 0, "fr_Imine": 0, "fr_NH0": 0, "fr_NH1": 0, "fr_NH2": 0, "fr_N_O": 0, "fr_Ndealkylation1": 0, "fr_Ndealkylation2": 0, "fr_Nhpyrrole": 0, "fr_SH": 0, "fr_aldehyde": 1, "fr_alkyl_carbamate": 0, "fr_alkyl_halide": 0, "fr_allylic_oxid": 2, "fr_amide": 0, "fr_amidine": 0, "fr_aniline": 0, "fr_aryl_methyl": 0, "fr_azide": 0, "fr_azo": 0, "fr_barbitur": 0, "fr_benzene": 0, "fr_benzodiazepine": 0, "fr_bicyclic": 0, "fr_diazo": 0, "fr_dihydropyridine": 0, "fr_epoxide": 0, "fr_ester": 0, "fr_ether": 0, "fr_furan": 0, "fr_guanido": 0, "fr_halogen": 0, "fr_hdrzine": 0, "fr_hdrzone": 0, "fr_imidazole": 0, "fr_imide": 0, "fr_isocyan": 0, "fr_isothiocyan": 0, "fr_ketone": 0, "fr_ketone_Topliss": 0, "fr_lactam": 0, "fr_lactone": 0, "fr_methoxy": 0, "fr_morpholine": 0, "fr_nitrile": 0, "fr_nitro": 0, "fr_nitro_arom": 0, "fr_nitro_arom_nonortho": 0, "fr_nitroso": 0, "fr_oxazole": 0, "fr_oxime": 0, "fr_para_hydroxylation": 0, "fr_phenol": 0, "fr_phenol_noOrthoHbond": 0, "fr_phos_acid": 0, "fr_phos_ester": 0, "fr_piperdine": 0, "fr_piperzine": 0, "fr_priamide": 0, "fr_prisulfonamd": 0, "fr_pyridine": 0, "fr_quatN": 0, "fr_sulfide": 0, "fr_sulfonamd": 0, "fr_sulfone": 0, "fr_term_acetylene": 0, "fr_tetrazole": 0, "fr_thiazole": 0, "fr_thiocyan": 0, "fr_thiophene": 0, "fr_unbrch_alkane": 0, "fr_urea": 0}