{"Partial charge": [0.0857, -0.1741, -0.1432, 0.0373, 0.0374, 0.0503, 0.0565, 0.0503], "Atom SASA": [71.7799, 7.1702, 17.3104, 20.84, 20.88, 20.04, 22.2399, 20.09], "Buried volume": [NaN, NaN, NaN, NaN, NaN, NaN, NaN, NaN], "H bond H2O": [0.0, 0.0, 0.0, -0.15, -0.15, -0.09, -0.13, -0.09], "Fukui+": [0.46, 0.047, -0.066, 0.154, 0.154, 0.072, 0.107, 0.072], "Fukui-": [0.442, -0.039, -0.036, 0.156, 0.156, 0.115, 0.091, 0.115], "Electrophil.": [0.1017, 0.0031, -0.0122, 0.0347, 0.0347, 0.02, 0.0226, 0.02], "Normaliz. electrophil.": [0.1564, 0.016, -0.0224, 0.0524, 0.0524, 0.0245, 0.0364, 0.0245], "Normaliz. nucleophil.": [-4.3213, 0.3813, 0.352, -1.5252, -1.5252, -1.1243, -0.8897, -1.1243], "Fukui_rad": [0.451, 0.004, -0.051, 0.155, 0.155, 0.094, 0.099, 0.094], "Fukui dual": [0.018, 0.086, -0.03, -0.002, -0.002, -0.043, 0.016, -0.043], "Dipole moment": [0.2991, 0.5021, 0.4277, 0.1924, 0.1925, 0.139, 0.1331, 0.139], "Coord. numbers": [0.917, 3.712, 3.781, 0.925, 0.925, 0.925, 0.925, 0.925], "Atom Polarizability": [15.751, 6.409, 6.782, 2.307, 2.307, 2.322, 2.37, 2.322], "Atom FOD": [0.0013, 0.0004, 0.0, 0.0, 0.0, 0.0, 0.0, 0.0], "Atom dispersion": [14.4506, 19.4933, 16.8841, 12.9647, 12.8129, 12.4095, 11.298, 12.4704], "Pyramidalization": [NaN, NaN, NaN, NaN, NaN, NaN, NaN, NaN], "Pyramidaliz. volume": [NaN, NaN, NaN, NaN, NaN, NaN, NaN, NaN], "HOMO-LUMO gap": 12.9041, "HOMO": -11.0731, "LUMO": 1.831, "IP": 9.7768, "EA": -3.7175, "Dipole module": 1.704, "SASA": 200.3502, "G solv. in H2O": -2.61, "G of H-bonds H2O": -0.63, "Fermi-level": -7.6872, "Polarizability": 40.5697, "Total FOD": 0.0018, "Hardness": 13.4943, "Softness": 0.0741, "Dispersion area": 112.3199, "Dispersion volume": 90.2405, "Chem. potential": -3.0297, "Electrophilicity": 0.3401, "Electrofugality": 10.1169, "Nucleofugality": 4.0576, "S0-T1 gap": 159.08, "MaxAbsEStateIndex": 6.452932098765432, "MaxEStateIndex": 6.452932098765432, "MinAbsEStateIndex": 2.5902777777777772, "MinEStateIndex": -2.7137345679012346, "qed": 0.37198554725482313, "SPS": 39.666666666666664, "MolWt": 64.515, "HeavyAtomMolWt": 59.474999999999994, "ExactMolWt": 64.00797784, "NumValenceElectrons": 20, "NumRadicalElectrons": 0, "MaxPartialCharge": 0.04322922945659357, "MinPartialCharge": -0.12701765618915772, "MaxAbsPartialCharge": 0.12701765618915772, "MinAbsPartialCharge": 0.04322922945659357, "FpDensityMorgan1": 3.0, "FpDensityMorgan2": 3.3333333333333335, "FpDensityMorgan3": 3.3333333333333335, "BCUT2D_MWHI": 35.495662004327535, "BCUT2D_MWLOW": 10.990392629860857, "BCUT2D_CHGHI": 1.3812710935856456, "BCUT2D_CHGLO": -1.4502156870769156, "BCUT2D_LOGPHI": 1.5937454258654644, "BCUT2D_LOGPLOW": -1.357396403188781, "BCUT2D_MRHI": 6.171091170633161, "BCUT2D_MRLOW": 1.512975607344067, "AvgIpc": 1.253297578463043, "BalabanJ": 4.020391543176799, "BertzCT": 55.01955000865387, "Chi0": 7.0, "Chi0n": 6.377964473009227, "Chi0v": 2.1338934190276815, "Chi1": 3.25, "Chi1n": 2.9389822365046134, "Chi1v": 0.8169467095138409, "Chi2n": 0.0944911182523068, "Chi2v": 0.2834733547569204, "Chi3n": 0.0, "Chi3v": 0.0, "Chi4n": 0.0, "Chi4v": 0.0, "HallKierAlpha": 0.29, "Ipc": 21.30605883387173, "Kappa1": 0.32464730797962527, "Kappa2": 2.29, "Kappa3": 2.290000000000001, "LabuteASA": 32.43231186994689, "PEOE_VSA1": 0.0, "PEOE_VSA10": 0.0, "PEOE_VSA11": 0.0, "PEOE_VSA12": 0.0, "PEOE_VSA13": 0.0, "PEOE_VSA14": 0.0, "PEOE_VSA2": 0.0, "PEOE_VSA3": 0.0, "PEOE_VSA4": 0.0, "PEOE_VSA5": 11.600939890232516, "PEOE_VSA6": 6.851892117295679, "PEOE_VSA7": 0.0, "PEOE_VSA8": 12.685899504224809, "PEOE_VSA9": 0.0, "SMR_VSA1": 6.853792780851101, "SMR_VSA10": 11.600939890232516, "SMR_VSA2": 0.0, "SMR_VSA3": 0.0, "SMR_VSA4": 0.0, "SMR_VSA5": 6.851892117295679, "SMR_VSA6": 5.832106723373709, "SMR_VSA7": 0.0, "SMR_VSA8": 0.0, "SMR_VSA9": 0.0, "SlogP_VSA1": 0.0, "SlogP_VSA10": 0.0, "SlogP_VSA11": 0.0, "SlogP_VSA12": 11.600939890232516, "SlogP_VSA2": 5.832106723373709, "SlogP_VSA3": 0.0, "SlogP_VSA4": 0.0, "SlogP_VSA5": 13.705684898146778, "SlogP_VSA6": 0.0, "SlogP_VSA7": 0.0, "SlogP_VSA8": 0.0, "SlogP_VSA9": 0.0, "TPSA": 0.0, "EState_VSA1": 12.683998840669389, "EState_VSA10": 0.0, "EState_VSA11": 0.0, "EState_VSA2": 0.0, "EState_VSA3": 0.0, "EState_VSA4": 0.0, "EState_VSA5": 0.0, "EState_VSA6": 0.0, "EState_VSA7": 0.0, "EState_VSA8": 0.0, "EState_VSA9": 18.454732671083615, "VSA_EState1": 32.13503086419753, "VSA_EState10": 4.780092592592592, "VSA_EState2": 0.0, "VSA_EState3": 0.0, "VSA_EState4": 0.0, "VSA_EState5": -2.5902777777777772, "VSA_EState6": 0.0, "VSA_EState7": 0.0, "VSA_EState8": -2.7137345679012346, "VSA_EState9": 0.0, "FractionCSP3": 1.0, "HeavyAtomCount": 3, "NHOHCount": 0, "NOCount": 0, "NumAliphaticCarbocycles": 0, "NumAliphaticHeterocycles": 0, "NumAliphaticRings": 0, "NumAmideBonds": 0, "NumAromaticCarbocycles": 0, "NumAromaticHeterocycles": 0, "NumAromaticRings": 0, "NumAtomStereoCenters": 0, "NumBridgeheadAtoms": 0, "NumHAcceptors": 0, "NumHDonors": 0, "NumHeteroatoms": 1, "NumHeterocycles": 0, "NumRotatableBonds": 1, "NumSaturatedCarbocycles": 0, "NumSaturatedHeterocycles": 0, "NumSaturatedRings": 0, "NumSpiroAtoms": 0, "NumUnspecifiedAtomStereoCenters": 0, "Phi": 0.24781411175778065, "RingCount": 0, "MolLogP": 1.2451, "MolMR": 16.394000000000002, "fr_Al_COO": 0, "fr_Al_OH": 0, "fr_Al_OH_noTert": 0, "fr_ArN": 0, "fr_Ar_COO": 0, "fr_Ar_N": 0, "fr_Ar_NH": 0, "fr_Ar_OH": 0, "fr_COO": 0, "fr_COO2": 0, "fr_C_O": 0, "fr_C_O_noCOO": 0, "fr_C_S": 0, "fr_HOCCN": 0, "fr_Imine": 0, "fr_NH0": 0, "fr_NH1": 0, "fr_NH2": 0, "fr_N_O": 0, "fr_Ndealkylation1": 0, "fr_Ndealkylation2": 0, "fr_Nhpyrrole": 0, "fr_SH": 0, "fr_aldehyde": 0, "fr_alkyl_carbamate": 0, "fr_alkyl_halide": 1, "fr_allylic_oxid": 0, "fr_amide": 0, "fr_amidine": 0, "fr_aniline": 0, "fr_aryl_methyl": 0, "fr_azide": 0, "fr_azo": 0, "fr_barbitur": 0, "fr_benzene": 0, "fr_benzodiazepine": 0, "fr_bicyclic": 0, "fr_diazo": 0, "fr_dihydropyridine": 0, "fr_epoxide": 0, "fr_ester": 0, "fr_ether": 0, "fr_furan": 0, "fr_guanido": 0, "fr_halogen": 1, "fr_hdrzine": 0, "fr_hdrzone": 0, "fr_imidazole": 0, "fr_imide": 0, "fr_isocyan": 0, "fr_isothiocyan": 0, "fr_ketone": 0, "fr_ketone_Topliss": 0, "fr_lactam": 0, "fr_lactone": 0, "fr_methoxy": 0, "fr_morpholine": 0, "fr_nitrile": 0, "fr_nitro": 0, "fr_nitro_arom": 0, "fr_nitro_arom_nonortho": 0, "fr_nitroso": 0, "fr_oxazole": 0, "fr_oxime": 0, "fr_para_hydroxylation": 0, "fr_phenol": 0, "fr_phenol_noOrthoHbond": 0, "fr_phos_acid": 0, "fr_phos_ester": 0, "fr_piperdine": 0, "fr_piperzine": 0, "fr_priamide": 0, "fr_prisulfonamd": 0, "fr_pyridine": 0, "fr_quatN": 0, "fr_sulfide": 0, "fr_sulfonamd": 0, "fr_sulfone": 0, "fr_term_acetylene": 0, "fr_tetrazole": 0, "fr_thiazole": 0, "fr_thiocyan": 0, "fr_thiophene": 0, "fr_unbrch_alkane": 0, "fr_urea": 0}