{"Partial charge": [-0.126, -0.0255, -0.0089, -0.0239, -0.1395, 0.058, 0.0568, 0.0563, 0.0542, 0.051, 0.0474], "Atom SASA": [17.5592, 6.7424, 19.2597, 21.1358, 41.7979, 21.844, 16.2949, 21.2747, 20.4339, 15.3701, 23.3905], "Buried volume": [NaN, NaN, NaN, NaN, NaN, NaN, NaN, NaN, NaN, NaN, NaN], "H bond H2O": [0.0, 0.0, -0.04, -0.0771, -0.3529, -0.1271, -0.0776, -0.1118, -0.1506, -0.08, -0.0729], "Fukui+": [-0.0204, -0.0331, 0.1486, 0.1664, 0.3206, 0.0496, 0.0158, 0.0405, 0.0678, 0.0402, 0.2033], "Fukui-": [-0.0141, -0.0187, 0.1, -0.0007, 0.2123, 0.0996, 0.1201, 0.1021, 0.1322, 0.0941, 0.1735], "Electrophil.": [-0.0052, -0.0081, 0.0375, 0.0306, 0.0805, 0.0194, 0.0151, 0.0179, 0.0259, 0.017, 0.055], "Normaliz. electrophil.": [-0.0108, -0.0175, 0.0786, 0.0881, 0.1697, 0.0263, 0.0083, 0.0214, 0.0359, 0.0213, 0.1076], "Normaliz. nucleophil.": [0.1438, 0.1905, -1.0181, 0.0072, -2.1614, -1.0142, -1.223, -1.0392, -1.3461, -0.9573, -1.7663], "Fukui_rad": [-0.0171, -0.0261, 0.1243, 0.083, 0.2663, 0.075, 0.0679, 0.0713, 0.0998, 0.0673, 0.1882], "Fukui dual": [-0.0063, -0.0144, 0.0486, 0.1671, 0.1083, -0.05, -0.1044, -0.0615, -0.0644, -0.0538, 0.0298], "Dipole moment": [0.4558, 0.5614, 0.4415, 0.451, 0.3448, 0.1389, 0.1336, 0.1406, 0.1674, 0.1589, 0.2322], "Coord. numbers": [3.7503, 3.7029, 1.7023, 2.6649, 0.856, 0.925, 0.925, 0.925, 0.924, 0.924, 0.923], "Atom Polarizability": [6.8078, 6.308, 5.7372, 7.5416, 6.1785, 2.3411, 2.3093, 2.3449, 2.3182, 2.3126, 2.5238], "Atom FOD": [0.0004, 0.0004, 0.0014, 0.0037, 0.005, 0.0001, 0.0001, 0.0001, 0.0002, 0.0002, 0.0007], "Atom dispersion": [17.4408, 19.3227, 16.2533, 16.8256, 12.877, 11.5827, 12.9062, 11.7897, 12.5324, 13.5242, 10.867], "Pyramidalization": [NaN, NaN, NaN, NaN, NaN, NaN, NaN, NaN, NaN, NaN, NaN], "Pyramidaliz. volume": [NaN, NaN, NaN, NaN, NaN, NaN, NaN, NaN, NaN, NaN, NaN], "HOMO-LUMO gap": 13.5658, "HOMO": -10.7362, "LUMO": 2.8296, "IP": 10.1811, "EA": -2.7747, "Dipole module": 2.3052, "SASA": 225.1033, "G solv. in H2O": -3.4112, "G of H-bonds H2O": -1.1318, "Fermi-level": -9.1416, "Polarizability": 46.7222, "Total FOD": 0.0123, "Hardness": 12.9558, "Softness": 0.0772, "Dispersion area": 128.1767, "Dispersion volume": 104.4154, "Chem. potential": -3.7032, "Electrophilicity": 0.5293, "Electrofugality": 10.7104, "Nucleofugality": 3.3039, "S0-T1 gap": 129.5247, "MaxAbsEStateIndex": 9.860486111111111, "MaxEStateIndex": 9.860486111111111, "MinAbsEStateIndex": 1.702662037037037, "MinEStateIndex": -3.077546296296296, "qed": 0.43656455010269035, "SPS": 29.6, "MolWt": 74.07899999999997, "HeavyAtomMolWt": 68.03099999999999, "ExactMolWt": 74.036779432, "NumValenceElectrons": 30, "NumRadicalElectrons": 0, "MaxPartialCharge": 0.2925654199437486, "MinPartialCharge": -0.46819518164403584, "MaxAbsPartialCharge": 0.46819518164403584, "MinAbsPartialCharge": 0.2925654199437486, "FpDensityMorgan1": 2.8, "FpDensityMorgan2": 3.6, "FpDensityMorgan3": 3.8, "BCUT2D_MWHI": 16.516309308338048, "BCUT2D_MWLOW": 10.883385014889067, "BCUT2D_CHGHI": 1.6039718390313007, "BCUT2D_CHGLO": -1.7943348616310786, "BCUT2D_LOGPHI": 1.5491966306511697, "BCUT2D_LOGPLOW": -1.803951012140935, "BCUT2D_MRHI": 5.361538885172828, "BCUT2D_MRLOW": -0.1276935876884935, "AvgIpc": 1.5603151589862347, "BalabanJ": 4.340652398986659, "BertzCT": 143.91147050652933, "Chi0": 9.284457050376172, "Chi0n": 8.316496580927726, "Chi0v": 2.3164965809277263, "Chi1": 4.6665022194363885, "Chi1n": 3.8623724356957947, "Chi1v": 0.8623724356957947, "Chi2n": 0.2874574785652649, "Chi2v": 0.2874574785652649, "Chi3n": 0.09269770297464956, "Chi3v": 0.09269770297464956, "Chi4n": 0.02083333333333334, "Chi4v": 0.02083333333333334, "HallKierAlpha": -0.53, "Ipc": 99.86017017511902, "Kappa1": 0.600159264681777, "Kappa2": 3.4699999999999998, "Kappa3": 3.469999999999999, "LabuteASA": 39.174025587180296, "PEOE_VSA1": 4.736862953800049, "PEOE_VSA10": 0.0, "PEOE_VSA11": 1.3707585561702202, "PEOE_VSA12": 0.0, "PEOE_VSA13": 6.448272503918149, "PEOE_VSA14": 0.0, "PEOE_VSA2": 4.794537184071822, "PEOE_VSA3": 0.0, "PEOE_VSA4": 0.0, "PEOE_VSA5": 0.0, "PEOE_VSA6": 0.0, "PEOE_VSA7": 6.851892117295679, "PEOE_VSA8": 4.1122756685106605, "PEOE_VSA9": 9.300502355256729, "SMR_VSA1": 17.755951474893187, "SMR_VSA10": 6.448272503918149, "SMR_VSA2": 0.0, "SMR_VSA3": 0.0, "SMR_VSA4": 0.0, "SMR_VSA5": 6.851892117295679, "SMR_VSA6": 6.558985242916289, "SMR_VSA7": 0.0, "SMR_VSA8": 0.0, "SMR_VSA9": 0.0, "SlogP_VSA1": 0.0, "SlogP_VSA10": 0.0, "SlogP_VSA11": 0.0, "SlogP_VSA12": 0.0, "SlogP_VSA2": 13.007257746834437, "SlogP_VSA3": 9.53140013787187, "SlogP_VSA4": 0.0, "SlogP_VSA5": 15.076443454316998, "SlogP_VSA6": 0.0, "SlogP_VSA7": 0.0, "SlogP_VSA8": 0.0, "SlogP_VSA9": 0.0, "TPSA": 26.3, "EState_VSA1": 19.859149864130117, "EState_VSA10": 4.794537184071822, "EState_VSA11": 0.0, "EState_VSA2": 0.0, "EState_VSA3": 0.0, "EState_VSA4": 0.0, "EState_VSA5": 0.0, "EState_VSA6": 0.0, "EState_VSA7": 0.0, "EState_VSA8": 4.736862953800049, "EState_VSA9": 8.224551337021321, "VSA_EState1": 42.638263888888886, "VSA_EState10": 0.0, "VSA_EState2": 9.860486111111111, "VSA_EState3": 0.0, "VSA_EState4": 0.0, "VSA_EState5": 0.0, "VSA_EState6": 0.0, "VSA_EState7": -1.702662037037037, "VSA_EState8": -6.129421296296296, "VSA_EState9": 0.0, "FractionCSP3": 0.6666666666666666, "HeavyAtomCount": 5, "NHOHCount": 0, "NOCount": 2, "NumAliphaticCarbocycles": 0, "NumAliphaticHeterocycles": 0, "NumAliphaticRings": 0, "NumAmideBonds": 0, "NumAromaticCarbocycles": 0, "NumAromaticHeterocycles": 0, "NumAromaticRings": 0, "NumAtomStereoCenters": 0, "NumBridgeheadAtoms": 0, "NumHAcceptors": 2, "NumHDonors": 0, "NumHeteroatoms": 2, "NumHeterocycles": 0, "NumRotatableBonds": 2, "NumSaturatedCarbocycles": 0, "NumSaturatedHeterocycles": 0, "NumSaturatedRings": 0, "NumSpiroAtoms": 0, "NumUnspecifiedAtomStereoCenters": 0, "Phi": 0.41651052968915325, "RingCount": 0, "MolLogP": 0.17930000000000001, "MolMR": 17.689999999999998, "fr_Al_COO": 0, "fr_Al_OH": 0, "fr_Al_OH_noTert": 0, "fr_ArN": 0, "fr_Ar_COO": 0, "fr_Ar_N": 0, "fr_Ar_NH": 0, "fr_Ar_OH": 0, "fr_COO": 0, "fr_COO2": 0, "fr_C_O": 1, "fr_C_O_noCOO": 1, "fr_C_S": 0, "fr_HOCCN": 0, "fr_Imine": 0, "fr_NH0": 0, "fr_NH1": 0, "fr_NH2": 0, "fr_N_O": 0, "fr_Ndealkylation1": 0, "fr_Ndealkylation2": 0, "fr_Nhpyrrole": 0, "fr_SH": 0, "fr_aldehyde": 0, "fr_alkyl_carbamate": 0, "fr_alkyl_halide": 0, "fr_allylic_oxid": 0, "fr_amide": 0, "fr_amidine": 0, "fr_aniline": 0, "fr_aryl_methyl": 0, "fr_azide": 0, "fr_azo": 0, "fr_barbitur": 0, "fr_benzene": 0, "fr_benzodiazepine": 0, "fr_bicyclic": 0, "fr_diazo": 0, "fr_dihydropyridine": 0, "fr_epoxide": 0, "fr_ester": 0, "fr_ether": 1, "fr_furan": 0, "fr_guanido": 0, "fr_halogen": 0, "fr_hdrzine": 0, "fr_hdrzone": 0, "fr_imidazole": 0, "fr_imide": 0, "fr_isocyan": 0, "fr_isothiocyan": 0, "fr_ketone": 0, "fr_ketone_Topliss": 0, "fr_lactam": 0, "fr_lactone": 0, "fr_methoxy": 0, "fr_morpholine": 0, "fr_nitrile": 0, "fr_nitro": 0, "fr_nitro_arom": 0, "fr_nitro_arom_nonortho": 0, "fr_nitroso": 0, "fr_oxazole": 0, "fr_oxime": 0, "fr_para_hydroxylation": 0, "fr_phenol": 0, "fr_phenol_noOrthoHbond": 0, "fr_phos_acid": 0, "fr_phos_ester": 0, "fr_piperdine": 0, "fr_piperzine": 0, "fr_priamide": 0, "fr_prisulfonamd": 0, "fr_pyridine": 0, "fr_quatN": 0, "fr_sulfide": 0, "fr_sulfonamd": 0, "fr_sulfone": 0, "fr_term_acetylene": 0, "fr_tetrazole": 0, "fr_thiazole": 0, "fr_thiocyan": 0, "fr_thiophene": 0, "fr_unbrch_alkane": 0, "fr_urea": 0}