{"Partial charge": [0.1576, -0.3228, 0.1577, 0.0037, 0.0037], "Atom SASA": [93.3521, 6.9002, 93.4221, 19.33, 19.36], "Buried volume": [NaN, NaN, NaN, NaN, NaN], "H bond H2O": [-0.04, 0.0, -0.04, -0.15, -0.15], "Fukui+": [0.335, 0.046, 0.334, 0.142, 0.142], "Fukui-": [0.393, -0.033, 0.393, 0.123, 0.123], "Electrophil.": [0.1623, 0.0117, 0.1622, 0.0636, 0.0636], "Normaliz. electrophil.": [0.3672, 0.0504, 0.3661, 0.1556, 0.1556], "Normaliz. nucleophil.": [-3.8694, 0.3249, -3.8694, -1.211, -1.211], "Fukui_rad": [0.364, 0.007, 0.364, 0.133, 0.133], "Fukui dual": [-0.058, 0.079, -0.059, 0.019, 0.019], "Dipole moment": [0.1822, 0.2305, 0.1824, 0.2289, 0.2289], "Coord. numbers": [1.363, 3.763, 1.363, 0.94, 0.94], "Atom Polarizability": [33.584, 6.386, 33.584, 2.242, 2.242], "Atom FOD": [0.0317, 0.0132, 0.0317, 0.0006, 0.0006], "Atom dispersion": [20.3541, 26.4373, 20.321, 17.2577, 16.9791], "Pyramidalization": [NaN, NaN, NaN, NaN, NaN], "Pyramidaliz. volume": [NaN, NaN, NaN, NaN, NaN], "HOMO-LUMO gap": 10.2493, "HOMO": -10.1498, "LUMO": 0.0995, "IP": 9.8457, "EA": -0.3779, "Dipole module": 1.0344, "SASA": 232.3643, "G solv. in H2O": -2.64, "G of H-bonds H2O": -0.4, "Fermi-level": -9.6289, "Polarizability": 78.0384, "Total FOD": 0.0778, "Hardness": 10.2236, "Softness": 0.0978, "Dispersion area": 136.6712, "Dispersion volume": 123.9215, "Chem. potential": -4.7339, "Electrophilicity": 1.096, "Electrofugality": 10.9417, "Nucleofugality": 1.4739, "S0-T1 gap": 93.4, "MaxAbsEStateIndex": 6.577500000000001, "MaxEStateIndex": 6.577500000000001, "MinAbsEStateIndex": 1.06, "MinEStateIndex": -1.06, "qed": 0.46398027064292247, "SPS": 20.666666666666668, "MolWt": 267.8349999999999, "HeavyAtomMolWt": 265.81899999999996, "ExactMolWt": 267.82459606400005, "NumValenceElectrons": 20, "NumRadicalElectrons": 0, "MaxPartialCharge": 0.05162252322237017, "MinPartialCharge": -0.0747631716530579, "MaxAbsPartialCharge": 0.0747631716530579, "MinAbsPartialCharge": 0.05162252322237017, "FpDensityMorgan1": 2.0, "FpDensityMorgan2": 2.0, "FpDensityMorgan3": 2.0, "BCUT2D_MWHI": 126.92240471283067, "BCUT2D_MWLOW": 11.993595287169294, "BCUT2D_CHGHI": 1.404532159930487, "BCUT2D_CHGLO": -1.4266728083611753, "BCUT2D_LOGPHI": 1.8572299053528885, "BCUT2D_LOGPLOW": -1.1740299053528866, "BCUT2D_MRHI": 14.195782660764653, "BCUT2D_MRLOW": 2.5782173392353562, "AvgIpc": 0.7219280948873623, "BalabanJ": 3.0237157840738176, "BertzCT": 15.509775004326936, "Chi0": 4.5, "Chi0n": 3.2559289460184546, "Chi0v": 5.570925528371099, "Chi1": 2.0, "Chi1n": 1.3779644730092273, "Chi1v": 2.5354627641855494, "Chi2n": 0.07142857142857141, "Chi2v": 3.2142857142857135, "Chi3n": 0.0, "Chi3v": 0.0, "Chi4n": 0.0, "Chi4v": 0.0, "HallKierAlpha": 1.46, "Ipc": 3.6096404744368114, "Kappa1": 1.7910255068496828, "Kappa2": 3.46, "Kappa3": 3.46, "LabuteASA": 50.07286827025245, "PEOE_VSA1": 0.0, "PEOE_VSA10": 0.0, "PEOE_VSA11": 0.0, "PEOE_VSA12": 0.0, "PEOE_VSA13": 0.0, "PEOE_VSA14": 0.0, "PEOE_VSA2": 0.0, "PEOE_VSA3": 0.0, "PEOE_VSA4": 0.0, "PEOE_VSA5": 0.0, "PEOE_VSA6": 45.181741254136114, "PEOE_VSA7": 0.0, "PEOE_VSA8": 2.7415171123404405, "PEOE_VSA9": 2.3863864600661806, "SMR_VSA1": 2.7415171123404405, "SMR_VSA10": 45.181741254136114, "SMR_VSA2": 0.0, "SMR_VSA3": 0.0, "SMR_VSA4": 0.0, "SMR_VSA5": 0.0, "SMR_VSA6": 2.3863864600661806, "SMR_VSA7": 0.0, "SMR_VSA8": 0.0, "SMR_VSA9": 0.0, "SlogP_VSA1": 0.0, "SlogP_VSA10": 0.0, "SlogP_VSA11": 0.0, "SlogP_VSA12": 45.181741254136114, "SlogP_VSA2": 2.3863864600661806, "SlogP_VSA3": 0.0, "SlogP_VSA4": 0.0, "SlogP_VSA5": 2.7415171123404405, "SlogP_VSA6": 0.0, "SlogP_VSA7": 0.0, "SlogP_VSA8": 0.0, "SlogP_VSA9": 0.0, "TPSA": 0.0, "EState_VSA1": 2.3863864600661806, "EState_VSA10": 0.0, "EState_VSA11": 0.0, "EState_VSA2": 0.0, "EState_VSA3": 0.0, "EState_VSA4": 0.0, "EState_VSA5": 0.0, "EState_VSA6": 45.181741254136114, "EState_VSA7": 0.0, "EState_VSA8": 0.0, "EState_VSA9": 2.7415171123404405, "VSA_EState1": 12.095, "VSA_EState10": 3.3950000000000005, "VSA_EState2": 0.0, "VSA_EState3": 0.0, "VSA_EState4": 0.0, "VSA_EState5": 0.0, "VSA_EState6": 0.0, "VSA_EState7": 0.0, "VSA_EState8": 0.0, "VSA_EState9": 0.0, "FractionCSP3": 1.0, "HeavyAtomCount": 3, "NHOHCount": 0, "NOCount": 0, "NumAliphaticCarbocycles": 0, "NumAliphaticHeterocycles": 0, "NumAliphaticRings": 0, "NumAmideBonds": 0, "NumAromaticCarbocycles": 0, "NumAromaticHeterocycles": 0, "NumAromaticRings": 0, "NumAtomStereoCenters": 0, "NumBridgeheadAtoms": 0, "NumHAcceptors": 0, "NumHDonors": 0, "NumHeteroatoms": 2, "NumHeterocycles": 0, "NumRotatableBonds": 0, "NumSaturatedCarbocycles": 0, "NumSaturatedHeterocycles": 0, "NumSaturatedRings": 0, "NumSpiroAtoms": 0, "NumUnspecifiedAtomStereoCenters": 0, "Phi": 2.065649417899967, "RingCount": 0, "MolLogP": 1.8139, "MolMR": 32.907, "fr_Al_COO": 0, "fr_Al_OH": 0, "fr_Al_OH_noTert": 0, "fr_ArN": 0, "fr_Ar_COO": 0, "fr_Ar_N": 0, "fr_Ar_NH": 0, "fr_Ar_OH": 0, "fr_COO": 0, "fr_COO2": 0, "fr_C_O": 0, "fr_C_O_noCOO": 0, "fr_C_S": 0, "fr_HOCCN": 0, "fr_Imine": 0, "fr_NH0": 0, "fr_NH1": 0, "fr_NH2": 0, "fr_N_O": 0, "fr_Ndealkylation1": 0, "fr_Ndealkylation2": 0, "fr_Nhpyrrole": 0, "fr_SH": 0, "fr_aldehyde": 0, "fr_alkyl_carbamate": 0, "fr_alkyl_halide": 2, "fr_allylic_oxid": 0, "fr_amide": 0, "fr_amidine": 0, "fr_aniline": 0, "fr_aryl_methyl": 0, "fr_azide": 0, "fr_azo": 0, "fr_barbitur": 0, "fr_benzene": 0, "fr_benzodiazepine": 0, "fr_bicyclic": 0, "fr_diazo": 0, "fr_dihydropyridine": 0, "fr_epoxide": 0, "fr_ester": 0, "fr_ether": 0, "fr_furan": 0, "fr_guanido": 0, "fr_halogen": 2, "fr_hdrzine": 0, "fr_hdrzone": 0, "fr_imidazole": 0, "fr_imide": 0, "fr_isocyan": 0, "fr_isothiocyan": 0, "fr_ketone": 0, "fr_ketone_Topliss": 0, "fr_lactam": 0, "fr_lactone": 0, "fr_methoxy": 0, "fr_morpholine": 0, "fr_nitrile": 0, "fr_nitro": 0, "fr_nitro_arom": 0, "fr_nitro_arom_nonortho": 0, "fr_nitroso": 0, "fr_oxazole": 0, "fr_oxime": 0, "fr_para_hydroxylation": 0, "fr_phenol": 0, "fr_phenol_noOrthoHbond": 0, "fr_phos_acid": 0, "fr_phos_ester": 0, "fr_piperdine": 0, "fr_piperzine": 0, "fr_priamide": 0, "fr_prisulfonamd": 0, "fr_pyridine": 0, "fr_quatN": 0, "fr_sulfide": 0, "fr_sulfonamd": 0, "fr_sulfone": 0, "fr_term_acetylene": 0, "fr_tetrazole": 0, "fr_thiazole": 0, "fr_thiocyan": 0, "fr_thiophene": 0, "fr_unbrch_alkane": 0, "fr_urea": 0}