{"Partial charge": [0.1488, -0.1605, -0.0477, -0.0316, -0.0328, -0.0466, -0.1545, 0.1354, 0.0464, 0.0487, 0.0489, 0.0455], "Atom SASA": [61.1299, 5.5401, 14.9103, 16.3704, 16.5004, 14.5803, 5.1301, 71.1512, 18.84, 22.4599, 22.4599, 18.21], "Buried volume": [NaN, NaN, NaN, NaN, NaN, NaN, NaN, NaN, NaN, NaN, NaN, NaN], "H bond H2O": [0.0, 0.0, 0.0, 0.0, 0.0, 0.0, 0.0, -0.09, -0.16, -0.18, -0.18, -0.14], "Fukui+": [0.149, 0.053, 0.045, 0.064, 0.053, 0.047, 0.06, 0.159, 0.09, 0.097, 0.094, 0.088], "Fukui-": [0.269, 0.027, 0.021, 0.043, 0.048, 0.019, 0.033, 0.265, 0.064, 0.074, 0.075, 0.062], "Electrophil.": [0.08, 0.02, 0.0168, 0.0257, 0.0224, 0.0171, 0.0227, 0.0827, 0.0362, 0.0394, 0.0391, 0.0354], "Normaliz. electrophil.": [0.1355, 0.0482, 0.0409, 0.0582, 0.0482, 0.0427, 0.0546, 0.1446, 0.0818, 0.0882, 0.0855, 0.08], "Normaliz. nucleophil.": [-2.3916, -0.24, -0.1867, -0.3823, -0.4267, -0.1689, -0.2934, -2.356, -0.569, -0.6579, -0.6668, -0.5512], "Fukui_rad": [0.209, 0.04, 0.033, 0.054, 0.05, 0.033, 0.046, 0.212, 0.077, 0.085, 0.085, 0.075], "Fukui dual": [-0.12, 0.026, 0.024, 0.021, 0.005, 0.028, 0.027, -0.106, 0.026, 0.023, 0.019, 0.026], "Dipole moment": [0.1781, 0.2993, 0.1505, 0.1967, 0.198, 0.1489, 0.1648, 0.0998, 0.2422, 0.2388, 0.2387, 0.2399], "Coord. numbers": [1.027, 2.95, 2.957, 2.92, 2.92, 2.998, 2.945, 1.132, 0.926, 0.926, 0.926, 0.926], "Atom Polarizability": [15.569, 8.356, 8.826, 8.784, 8.795, 8.806, 8.418, 22.16, 2.283, 2.344, 2.349, 2.277], "Atom FOD": [0.01, 0.0085, 0.008, 0.0089, 0.0081, 0.0084, 0.009, 0.0217, 0.0001, 0.0001, 0.0001, 0.0001], "Atom dispersion": [17.711, 28.2021, 22.8134, 21.5775, 21.4395, 23.4424, 28.8498, 19.1955, 14.9549, 13.4695, 13.392, 15.7314], "Pyramidalization": [NaN, NaN, NaN, NaN, NaN, NaN, NaN, NaN, NaN, NaN, NaN, NaN], "Pyramidaliz. volume": [NaN, NaN, NaN, NaN, NaN, NaN, NaN, NaN, NaN, NaN, NaN, NaN], "HOMO-LUMO gap": 10.6283, "HOMO": -9.8665, "LUMO": 0.7618, "IP": 8.8906, "EA": -0.5868, "Dipole module": 2.3139, "SASA": 287.2827, "G solv. in H2O": -3.93, "G of H-bonds H2O": -0.75, "Fermi-level": -9.0624, "Polarizability": 98.9677, "Total FOD": 0.083, "Hardness": 9.4774, "Softness": 0.1055, "Dispersion area": 174.2678, "Dispersion volume": 160.7603, "Chem. potential": -4.1519, "Electrophilicity": 0.9094, "Electrofugality": 9.8, "Nucleofugality": 1.4962, "S0-T1 gap": 96.64, "MaxAbsEStateIndex": 7.300254629629629, "MaxEStateIndex": 7.300254629629629, "MinAbsEStateIndex": 0.01481481481481528, "MinEStateIndex": -0.3118518518518516, "qed": 0.5910745276514103, "SPS": 16.25, "MolWt": 191.455, "HeavyAtomMolWt": 187.42299999999997, "ExactMolWt": 189.918489908, "NumValenceElectrons": 42, "NumRadicalElectrons": 0, "MaxPartialCharge": 0.06388162659739345, "MinPartialCharge": -0.08310845828961758, "MaxAbsPartialCharge": 0.08310845828961758, "MinAbsPartialCharge": 0.06388162659739345, "FpDensityMorgan1": 1.5, "FpDensityMorgan2": 2.125, "FpDensityMorgan3": 2.875, "BCUT2D_MWHI": 79.9187309500463, "BCUT2D_MWLOW": 10.369786684996832, "BCUT2D_CHGHI": 1.882138773434543, "BCUT2D_CHGLO": -1.8844805403883698, "BCUT2D_LOGPHI": 2.1954070586174925, "BCUT2D_LOGPLOW": -1.62295391129097, "BCUT2D_MRHI": 9.103378354403414, "BCUT2D_MRLOW": 1.6519474357810608, "AvgIpc": 2.0815718239857546, "BalabanJ": 3.6035674514745475, "BertzCT": 214.30309024251744, "Chi0": 9.464101615137753, "Chi0n": 7.755928946018455, "Chi0v": 6.097854431151613, "Chi1": 5.464101615137755, "Chi1n": 3.8779644730092273, "Chi1v": 3.0489272155758065, "Chi2n": 1.127964473009227, "Chi2v": 2.2989272155758065, "Chi3n": 0.5996965222188992, "Chi3v": 1.706194224506471, "Chi4n": 0.2819911182523068, "Chi4v": 0.5747318038939516, "HallKierAlpha": -0.010000000000000064, "Ipc": 416.3143647971509, "Kappa1": 2.715581020046592, "Kappa2": 2.5130425620816013, "Kappa3": 1.2349020989384842, "LabuteASA": 67.22209895269125, "PEOE_VSA1": 0.0, "PEOE_VSA10": 0.0, "PEOE_VSA11": 0.0, "PEOE_VSA12": 0.0, "PEOE_VSA13": 0.0, "PEOE_VSA14": 0.0, "PEOE_VSA2": 0.0, "PEOE_VSA3": 0.0, "PEOE_VSA4": 0.0, "PEOE_VSA5": 0.0, "PEOE_VSA6": 23.685777305559107, "PEOE_VSA7": 28.01478131327594, "PEOE_VSA8": 4.472719515832414, "PEOE_VSA9": 10.505667538422207, "SMR_VSA1": 5.483034224680881, "SMR_VSA10": 27.530883788181864, "SMR_VSA2": 0.0, "SMR_VSA3": 0.0, "SMR_VSA4": 0.0, "SMR_VSA5": 0.0, "SMR_VSA6": 0.0, "SMR_VSA7": 33.66502766022692, "SMR_VSA8": 0.0, "SMR_VSA9": 0.0, "SlogP_VSA1": 0.0, "SlogP_VSA10": 0.0, "SlogP_VSA11": 0.0, "SlogP_VSA12": 27.530883788181864, "SlogP_VSA2": 0.0, "SlogP_VSA3": 0.0, "SlogP_VSA4": 0.0, "SlogP_VSA5": 5.483034224680881, "SlogP_VSA6": 28.64239434648559, "SlogP_VSA7": 5.022633313741326, "SlogP_VSA8": 0.0, "SlogP_VSA9": 0.0, "TPSA": 0.0, "EState_VSA1": 0.0, "EState_VSA10": 0.0, "EState_VSA11": 0.0, "EState_VSA2": 33.66502766022692, "EState_VSA3": 0.0, "EState_VSA4": 0.0, "EState_VSA5": 0.0, "EState_VSA6": 0.0, "EState_VSA7": 0.0, "EState_VSA8": 15.929943897949348, "EState_VSA9": 17.083974114913396, "VSA_EState1": 29.234637345679012, "VSA_EState10": 8.57460648148148, "VSA_EState2": 0.0, "VSA_EState3": 0.01481481481481528, "VSA_EState4": 0.0, "VSA_EState5": 0.0, "VSA_EState6": -0.9629475308641964, "VSA_EState7": 0.0, "VSA_EState8": 0.0, "VSA_EState9": 0.0, "FractionCSP3": 0.0, "HeavyAtomCount": 8, "NHOHCount": 0, "NOCount": 0, "NumAliphaticCarbocycles": 0, "NumAliphaticHeterocycles": 0, "NumAliphaticRings": 0, "NumAmideBonds": 0, "NumAromaticCarbocycles": 1, "NumAromaticHeterocycles": 0, "NumAromaticRings": 1, "NumAtomStereoCenters": 0, "NumBridgeheadAtoms": 0, "NumHAcceptors": 0, "NumHDonors": 0, "NumHeteroatoms": 2, "NumHeterocycles": 0, "NumRotatableBonds": 0, "NumSaturatedCarbocycles": 0, "NumSaturatedHeterocycles": 0, "NumSaturatedRings": 0, "NumSpiroAtoms": 0, "NumUnspecifiedAtomStereoCenters": 0, "Phi": 0.8530463355197571, "RingCount": 1, "MolLogP": 3.1025, "MolMR": 39.152000000000015, "fr_Al_COO": 0, "fr_Al_OH": 0, "fr_Al_OH_noTert": 0, "fr_ArN": 0, "fr_Ar_COO": 0, "fr_Ar_N": 0, "fr_Ar_NH": 0, "fr_Ar_OH": 0, "fr_COO": 0, "fr_COO2": 0, "fr_C_O": 0, "fr_C_O_noCOO": 0, "fr_C_S": 0, "fr_HOCCN": 0, "fr_Imine": 0, "fr_NH0": 0, "fr_NH1": 0, "fr_NH2": 0, "fr_N_O": 0, "fr_Ndealkylation1": 0, "fr_Ndealkylation2": 0, "fr_Nhpyrrole": 0, "fr_SH": 0, "fr_aldehyde": 0, "fr_alkyl_carbamate": 0, "fr_alkyl_halide": 0, "fr_allylic_oxid": 0, "fr_amide": 0, "fr_amidine": 0, "fr_aniline": 0, "fr_aryl_methyl": 0, "fr_azide": 0, "fr_azo": 0, "fr_barbitur": 0, "fr_benzene": 1, "fr_benzodiazepine": 0, "fr_bicyclic": 0, "fr_diazo": 0, "fr_dihydropyridine": 0, "fr_epoxide": 0, "fr_ester": 0, "fr_ether": 0, "fr_furan": 0, "fr_guanido": 0, "fr_halogen": 2, "fr_hdrzine": 0, "fr_hdrzone": 0, "fr_imidazole": 0, "fr_imide": 0, "fr_isocyan": 0, "fr_isothiocyan": 0, "fr_ketone": 0, "fr_ketone_Topliss": 0, "fr_lactam": 0, "fr_lactone": 0, "fr_methoxy": 0, "fr_morpholine": 0, "fr_nitrile": 0, "fr_nitro": 0, "fr_nitro_arom": 0, "fr_nitro_arom_nonortho": 0, "fr_nitroso": 0, "fr_oxazole": 0, "fr_oxime": 0, "fr_para_hydroxylation": 0, "fr_phenol": 0, "fr_phenol_noOrthoHbond": 0, "fr_phos_acid": 0, "fr_phos_ester": 0, "fr_piperdine": 0, "fr_piperzine": 0, "fr_priamide": 0, "fr_prisulfonamd": 0, "fr_pyridine": 0, "fr_quatN": 0, "fr_sulfide": 0, "fr_sulfonamd": 0, "fr_sulfone": 0, "fr_term_acetylene": 0, "fr_tetrazole": 0, "fr_thiazole": 0, "fr_thiocyan": 0, "fr_thiophene": 0, "fr_unbrch_alkane": 0, "fr_urea": 0}