{"Partial charge": [0.1183, -0.193, -0.193, 0.1183, 0.0375, 0.0371, 0.0371, 0.0375], "Atom SASA": [80.529, 4.5123, 4.4744, 80.6881, 18.1641, 18.1069, 18.1055, 18.1167], "Buried volume": [NaN, NaN, NaN, NaN, NaN, NaN, NaN, NaN], "H bond H2O": [-0.09, 0.0, 0.0, -0.09, -0.1507, -0.15, -0.15, -0.1507], "Fukui+": [0.3004, -0.004, -0.004, 0.3004, 0.1024, 0.1021, 0.1021, 0.1024], "Fukui-": [0.3509, -0.034, -0.034, 0.3509, 0.0922, 0.0918, 0.0918, 0.0922], "Electrophil.": [0.1385, -0.0054, -0.0054, 0.1385, 0.0438, 0.0437, 0.0437, 0.0438], "Normaliz. electrophil.": [0.3014, -0.004, -0.004, 0.3014, 0.1026, 0.1024, 0.1024, 0.1026], "Normaliz. nucleophil.": [-3.4143, 0.3306, 0.3306, -3.4143, -0.8975, -0.8936, -0.8936, -0.8975], "Fukui_rad": [0.3257, -0.019, -0.019, 0.3257, 0.0973, 0.097, 0.097, 0.0973], "Fukui dual": [-0.0504, 0.03, 0.03, -0.0504, 0.0102, 0.0103, 0.0103, 0.0102], "Dipole moment": [0.1868, 0.3976, 0.3976, 0.1868, 0.1923, 0.1925, 0.1925, 0.1923], "Coord. numbers": [1.0003, 3.8225, 3.8225, 1.0003, 0.926, 0.926, 0.926, 0.926], "Atom Polarizability": [22.2106, 6.3833, 6.3833, 22.2106, 2.2443, 2.2428, 2.2428, 2.2443], "Atom FOD": [0.0146, 0.0031, 0.0031, 0.0146, 0.0001, 0.0001, 0.0001, 0.0001], "Atom dispersion": [17.2921, 24.4979, 24.2913, 17.2258, 16.1477, 15.861, 16.1, 16.1521], "Pyramidalization": [NaN, NaN, NaN, NaN, NaN, NaN, NaN, NaN], "Pyramidaliz. volume": [NaN, NaN, NaN, NaN, NaN, NaN, NaN, NaN], "HOMO-LUMO gap": 11.8632, "HOMO": -11.0307, "LUMO": 0.8325, "IP": 9.7306, "EA": -0.6188, "Dipole module": 0.0538, "SASA": 242.6968, "G solv. in H2O": -1.4748, "G of H-bonds H2O": -0.7616, "Fermi-level": -9.2863, "Polarizability": 66.162, "Total FOD": 0.036, "Hardness": 10.3495, "Softness": 0.0966, "Dispersion area": 143.3102, "Dispersion volume": 124.7006, "Chem. potential": -4.5559, "Electrophilicity": 1.003, "Electrofugality": 10.7337, "Nucleofugality": 1.6218, "S0-T1 gap": 110.1023, "MaxAbsEStateIndex": 6.744791666666667, "MaxEStateIndex": 6.744791666666667, "MinAbsEStateIndex": 1.9999999999999996, "MinEStateIndex": -2.0, "qed": 0.5496400415990373, "SPS": 29.5, "MolWt": 187.86200000000002, "HeavyAtomMolWt": 183.82999999999998, "ExactMolWt": 185.867974328, "NumValenceElectrons": 26, "NumRadicalElectrons": 0, "MaxPartialCharge": 0.03952265037404174, "MinPartialCharge": -0.09190389857679508, "MaxAbsPartialCharge": 0.09190389857679508, "MinAbsPartialCharge": 0.03952265037404174, "FpDensityMorgan1": 1.5, "FpDensityMorgan2": 1.75, "FpDensityMorgan3": 1.75, "BCUT2D_MWHI": 79.91997558423593, "BCUT2D_MWLOW": 10.996516587836442, "BCUT2D_CHGHI": 1.6040319905411808, "BCUT2D_CHGLO": -1.63451622194435, "BCUT2D_LOGPHI": 1.8228633887549899, "BCUT2D_LOGPLOW": -1.610072033417631, "BCUT2D_MRHI": 9.114875109822032, "BCUT2D_MRLOW": 1.6164658543064638, "AvgIpc": 1.253297578463043, "BalabanJ": 4.020391543176799, "BertzCT": 55.01955000865387, "Chi0": 7.0, "Chi0n": 5.755928946018455, "Chi0v": 4.927922024247863, "Chi1": 3.25, "Chi1n": 2.6279644730092273, "Chi1v": 2.2139610121239315, "Chi2n": 0.1889822365046136, "Chi2v": 0.9819805060619656, "Chi3n": 0.035714285714285705, "Chi3v": 0.9642857142857141, "Chi4n": 0.0, "Chi4v": 0.0, "HallKierAlpha": 0.96, "Ipc": 21.30605883387173, "Kappa1": 1.2275690007828086, "Kappa2": 3.9600000000000004, "Kappa3": 2.9600000000000004, "LabuteASA": 48.45917035418014, "PEOE_VSA1": 0.0, "PEOE_VSA10": 0.0, "PEOE_VSA11": 0.0, "PEOE_VSA12": 0.0, "PEOE_VSA13": 0.0, "PEOE_VSA14": 0.0, "PEOE_VSA2": 0.0, "PEOE_VSA3": 0.0, "PEOE_VSA4": 0.0, "PEOE_VSA5": 0.0, "PEOE_VSA6": 31.859887795898697, "PEOE_VSA7": 0.0, "PEOE_VSA8": 16.04742007561047, "PEOE_VSA9": 0.0, "SMR_VSA1": 5.483034224680881, "SMR_VSA10": 31.859887795898697, "SMR_VSA2": 0.0, "SMR_VSA3": 0.0, "SMR_VSA4": 0.0, "SMR_VSA5": 0.0, "SMR_VSA6": 10.564385850929593, "SMR_VSA7": 0.0, "SMR_VSA8": 0.0, "SMR_VSA9": 0.0, "SlogP_VSA1": 0.0, "SlogP_VSA10": 0.0, "SlogP_VSA11": 0.0, "SlogP_VSA12": 31.859887795898697, "SlogP_VSA2": 10.564385850929593, "SlogP_VSA3": 0.0, "SlogP_VSA4": 0.0, "SlogP_VSA5": 5.483034224680881, "SlogP_VSA6": 0.0, "SlogP_VSA7": 0.0, "SlogP_VSA8": 0.0, "SlogP_VSA9": 0.0, "TPSA": 0.0, "EState_VSA1": 10.564385850929593, "EState_VSA10": 0.0, "EState_VSA11": 0.0, "EState_VSA2": 0.0, "EState_VSA3": 0.0, "EState_VSA4": 0.0, "EState_VSA5": 0.0, "EState_VSA6": 0.0, "EState_VSA7": 0.0, "EState_VSA8": 31.859887795898697, "EState_VSA9": 5.483034224680881, "VSA_EState1": 26.979166666666668, "VSA_EState10": 5.020833333333333, "VSA_EState2": 0.0, "VSA_EState3": -3.9999999999999996, "VSA_EState4": 0.0, "VSA_EState5": 0.0, "VSA_EState6": 0.0, "VSA_EState7": 0.0, "VSA_EState8": 0.0, "VSA_EState9": 0.0, "FractionCSP3": 1.0, "HeavyAtomCount": 4, "NHOHCount": 0, "NOCount": 0, "NumAliphaticCarbocycles": 0, "NumAliphaticHeterocycles": 0, "NumAliphaticRings": 0, "NumAmideBonds": 0, "NumAromaticCarbocycles": 0, "NumAromaticHeterocycles": 0, "NumAromaticRings": 0, "NumAtomStereoCenters": 0, "NumBridgeheadAtoms": 0, "NumHAcceptors": 0, "NumHDonors": 0, "NumHeteroatoms": 2, "NumHeterocycles": 0, "NumRotatableBonds": 1, "NumSaturatedCarbocycles": 0, "NumSaturatedHeterocycles": 0, "NumSaturatedRings": 0, "NumSpiroAtoms": 0, "NumUnspecifiedAtomStereoCenters": 0, "Phi": 1.2152933107749806, "RingCount": 0, "MolLogP": 1.7762, "MolMR": 27.587999999999994, "fr_Al_COO": 0, "fr_Al_OH": 0, "fr_Al_OH_noTert": 0, "fr_ArN": 0, "fr_Ar_COO": 0, "fr_Ar_N": 0, "fr_Ar_NH": 0, "fr_Ar_OH": 0, "fr_COO": 0, "fr_COO2": 0, "fr_C_O": 0, "fr_C_O_noCOO": 0, "fr_C_S": 0, "fr_HOCCN": 0, "fr_Imine": 0, "fr_NH0": 0, "fr_NH1": 0, "fr_NH2": 0, "fr_N_O": 0, "fr_Ndealkylation1": 0, "fr_Ndealkylation2": 0, "fr_Nhpyrrole": 0, "fr_SH": 0, "fr_aldehyde": 0, "fr_alkyl_carbamate": 0, "fr_alkyl_halide": 2, "fr_allylic_oxid": 0, "fr_amide": 0, "fr_amidine": 0, "fr_aniline": 0, "fr_aryl_methyl": 0, "fr_azide": 0, "fr_azo": 0, "fr_barbitur": 0, "fr_benzene": 0, "fr_benzodiazepine": 0, "fr_bicyclic": 0, "fr_diazo": 0, "fr_dihydropyridine": 0, "fr_epoxide": 0, "fr_ester": 0, "fr_ether": 0, "fr_furan": 0, "fr_guanido": 0, "fr_halogen": 2, "fr_hdrzine": 0, "fr_hdrzone": 0, "fr_imidazole": 0, "fr_imide": 0, "fr_isocyan": 0, "fr_isothiocyan": 0, "fr_ketone": 0, "fr_ketone_Topliss": 0, "fr_lactam": 0, "fr_lactone": 0, "fr_methoxy": 0, "fr_morpholine": 0, "fr_nitrile": 0, "fr_nitro": 0, "fr_nitro_arom": 0, "fr_nitro_arom_nonortho": 0, "fr_nitroso": 0, "fr_oxazole": 0, "fr_oxime": 0, "fr_para_hydroxylation": 0, "fr_phenol": 0, "fr_phenol_noOrthoHbond": 0, "fr_phos_acid": 0, "fr_phos_ester": 0, "fr_piperdine": 0, "fr_piperzine": 0, "fr_priamide": 0, "fr_prisulfonamd": 0, "fr_pyridine": 0, "fr_quatN": 0, "fr_sulfide": 0, "fr_sulfonamd": 0, "fr_sulfone": 0, "fr_term_acetylene": 0, "fr_tetrazole": 0, "fr_thiazole": 0, "fr_thiocyan": 0, "fr_thiophene": 0, "fr_unbrch_alkane": 0, "fr_urea": 0}